Station 7odm,    34.1164,   -117.0932,    762.08
2001-04-21,    -0.138,    -0.222,    -0.797, 52020.0000
2001-04-22,    -0.405,    -0.486,     0.338, 52021.0000
2001-04-23,     0.513,    -0.724,    -5.095, 52022.0000
2001-04-24,    -0.583,     0.811,    -5.020, 52023.0000
2001-06-04,     0.183,     0.792,     0.312, 52064.0000
2001-06-05,     0.123,     1.112,     3.016, 52065.0000
2001-06-06,    -0.197,     1.640,     1.463, 52066.0000
2001-06-07,    -0.677,     2.447,     1.070, 52067.0000
2001-06-08,    -1.706,     1.602,    -0.595, 52068.0000
2001-06-09,    -1.381,     1.738,     0.296, 52069.0000
2001-06-10,    -1.365,     1.320,     1.105, 52070.0000
2001-06-11,    -0.159,     3.637,     8.136, 52071.0000
2001-06-12,    -0.640,     1.723,     1.013, 52072.0000
2001-06-13,    -0.106,     1.483,    -1.818, 52073.0000
2001-06-14,     1.829,     1.653,     2.753, 52074.0000
2001-08-26,    -3.048,     4.759,     2.241, 52147.0000
2001-08-27,    -4.850,     4.076,     1.408, 52148.0000
2001-08-28,    -4.609,     4.245,    -3.301, 52149.0000
2001-08-29,    -3.565,     4.255,    -1.908, 52150.0000
2001-08-30,    -4.602,     5.874,     3.219, 52151.0000
2001-08-31,    -5.388,     4.903,     1.210, 52152.0000
2001-09-01,    -3.908,     5.938,     2.637, 52153.0000
2001-09-02,    -4.795,     5.948,     1.991, 52154.0000
2001-09-03,    -4.354,     5.467,    -2.090, 52155.0000
2001-09-04,    -4.974,     5.956,    -1.223, 52156.0000
2001-09-05,    -3.934,     5.982,    -1.868, 52157.0000
2001-09-06,    -3.817,     5.584,     5.533, 52158.0000
2001-09-07,    -4.831,     5.053,     1.714, 52159.0000
2001-09-08,    -5.316,     6.075,     0.390, 52160.0000
2001-09-09,    -3.694,     4.513,     2.254, 52161.0000
2001-09-10,    -5.256,     5.614,     0.005, 52162.0000
2001-09-11,    -4.485,     5.366,    -0.457, 52163.0000
2001-09-12,    -4.559,     6.274,     4.831, 52164.0000
2001-09-13,    -5.800,     6.010,     3.053, 52165.0000
2001-09-14,    -3.816,     6.526,    -0.253, 52166.0000
2001-09-15,    -4.672,     5.098,     3.483, 52167.0000
2001-09-16,    -5.304,     5.662,    -0.629, 52168.0000
2001-09-17,    -5.758,     6.688,    -1.339, 52169.0000
2001-09-18,    -4.343,     5.864,     6.877, 52170.0000
2001-09-19,    -6.481,     5.686,     3.933, 52171.0000
2001-09-20,    -6.212,     5.129,     0.051, 52172.0000
2001-09-21,    -6.517,     5.855,    -1.564, 52173.0000
2001-09-22,    -4.323,     5.046,     2.072, 52174.0000
2001-09-23,    -6.750,     7.032,    -5.136, 52175.0000
2001-09-24,    -6.688,     8.537,    -5.380, 52176.0000
2001-09-25,    -5.903,     7.092,    -2.703, 52177.0000
2001-09-26,    -5.161,     6.736,    -0.598, 52178.0000
2001-09-27,    -5.204,     6.233,    -2.450, 52179.0000
2001-09-29,    -5.674,     7.461,    -0.108, 52181.0000
2001-09-30,    -6.055,     6.932,    -4.082, 52182.0000
2001-10-01,    -6.465,     7.572,     3.124, 52183.0000
2001-10-02,    -7.007,     5.807,    -3.650, 52184.0000
2001-10-03,    -5.526,     7.744,     1.573, 52185.0000
2001-10-04,    -6.793,     8.181,     0.080, 52186.0000
2001-10-05,    -7.151,     7.347,    -1.119, 52187.0000
2001-10-06,    -6.538,     7.519,    -2.188, 52188.0000
2001-10-07,    -7.551,     7.770,    -2.420, 52189.0000
2001-10-08,    -8.267,     7.299,     2.440, 52190.0000
2001-10-09,    -7.382,     8.560,     0.421, 52191.0000
2001-10-10,    -6.812,     8.194,    -3.204, 52192.0000
2001-10-11,    -8.334,     7.255,    -3.712, 52193.0000
2001-10-12,    -7.041,     7.584,    -4.564, 52194.0000
2001-10-13,    -6.556,     8.606,    -3.215, 52195.0000
2001-10-14,    -7.006,     8.208,    -2.922, 52196.0000
2001-10-15,    -7.511,     7.982,    -5.557, 52197.0000
2001-10-16,    -7.771,     7.408,    -0.908, 52198.0000
2001-10-17,    -7.730,     8.968,    -5.921, 52199.0000
2001-10-18,    -6.885,     6.913,    -3.110, 52200.0000
2001-10-19,    -7.594,     8.649,    -4.319, 52201.0000
2001-10-20,    -7.147,     8.065,    -6.266, 52202.0000
2001-10-21,    -7.851,     7.670,    -0.532, 52203.0000
2001-10-22,    -8.437,     7.631,    -0.356, 52204.0000
2001-10-23,    -8.698,     9.340,    -0.506, 52205.0000
2001-10-24,    -8.578,     8.873,    -1.727, 52206.0000
2001-10-25,    -7.354,     8.151,    -0.157, 52207.0000
2001-10-26,    -7.239,     7.933,    -0.994, 52208.0000
2001-10-27,    -7.527,     8.065,     1.656, 52209.0000
2001-10-28,    -7.394,     7.858,    -4.336, 52210.0000
2001-10-29,    -6.964,     9.301,    -3.875, 52211.0000
2001-10-30,    -9.260,     8.090,     0.136, 52212.0000
2001-10-31,    -7.498,     8.553,     2.655, 52213.0000
2001-11-01,    -7.847,     8.270,    -1.425, 52214.0000
2001-11-02,    -6.506,     8.614,    -5.822, 52215.0000
2001-11-03,    -7.810,     9.498,    -5.000, 52216.0000
2001-11-04,    -4.958,     8.780,    -5.530, 52217.0000
2001-11-05,    -5.954,     8.484,    -5.331, 52218.0000
2001-11-06,    -6.856,    10.528,    -2.610, 52219.0000
2001-11-07,    -7.838,     8.806,    -6.395, 52220.0000
2001-11-08,    -6.258,     8.677,    -3.879, 52221.0000
2001-11-09,    -8.326,    10.147,    -1.853, 52222.0000
2001-11-10,    -6.787,    10.502,    -6.923, 52223.0000
2001-11-11,    -6.766,    10.072,    -2.971, 52224.0000
2001-11-12,    -7.971,    10.149,    -4.242, 52225.0000
2001-11-13,    -6.472,    10.352,    -8.063, 52226.0000
2001-11-14,    -7.685,    10.367,    -1.519, 52227.0000
2001-11-15,    -7.986,     9.473,    -8.288, 52228.0000
2001-11-17,    -7.736,    10.818,    -4.369, 52230.0000
2001-11-18,    -8.628,    10.554,    -4.182, 52231.0000
2001-11-19,    -8.181,    11.111,    -4.981, 52232.0000
2001-11-20,    -6.736,    10.236,    -0.781, 52233.0000
2001-11-21,    -7.310,     8.438,    -3.684, 52234.0000
2001-11-22,    -7.340,    10.362,    -4.797, 52235.0000
2001-11-23,    -7.135,    10.025,    -5.065, 52236.0000
2001-11-25,    -7.322,    10.790,    -0.692, 52238.0000
2001-11-26,    -8.791,    11.036,     0.065, 52239.0000
2001-11-29,    -7.371,    10.450,    -0.097, 52242.0000
2001-12-02,    -7.034,    11.230,    -0.525, 52245.0000
2001-12-03,    -8.748,    10.963,     4.239, 52246.0000
2001-12-04,    -9.098,    10.696,    -4.242, 52247.0000
2001-12-05,    -7.884,    12.173,    -3.969, 52248.0000
2001-12-06,    -9.044,    11.374,    -4.379, 52249.0000
2001-12-08,    -9.027,    13.036,    -2.738, 52251.0000
2001-12-09,    -7.106,    12.747,    -2.774, 52252.0000
2001-12-10,    -8.599,    11.775,    -3.327, 52253.0000
2001-12-11,    -8.542,    12.042,    -1.869, 52254.0000
2001-12-12,    -8.749,    13.195,    -9.194, 52255.0000
2001-12-14,    -7.270,    11.202,    -4.695, 52257.0000
2001-12-16,    -7.509,    11.305,    -5.546, 52259.0000
2001-12-17,    -8.988,    12.202,    -5.414, 52260.0000
2001-12-18,    -9.432,    12.977,    -4.257, 52261.0000
2001-12-19,    -7.874,    13.091,    -9.687, 52262.0000
2001-12-20,    -7.613,    13.539,    -4.169, 52263.0000
2001-12-21,    -8.532,    11.966,    -5.887, 52264.0000
2001-12-22,    -9.182,    13.061,    -2.110, 52265.0000
2001-12-23,    -9.532,    12.162,    -1.237, 52266.0000
2001-12-24,    -8.929,    13.105,     0.259, 52267.0000
2001-12-25,    -8.209,    12.990,    -5.946, 52268.0000
2001-12-26,    -8.534,    13.909,    -6.736, 52269.0000
2001-12-27,    -9.008,    13.781,    -2.803, 52270.0000
2001-12-28,    -9.895,    13.694,    -3.475, 52271.0000
2001-12-29,    -8.826,    13.649,    -0.670, 52272.0000
2001-12-30,    -9.012,    12.920,    -5.239, 52273.0000
2001-12-31,    -7.743,    12.808,    -3.517, 52274.0000
2002-01-01,   -10.346,    13.681,    -4.291, 52275.0000
2002-01-02,    -9.922,    13.025,    -6.325, 52276.0000
2002-01-03,    -8.609,    13.837,    -5.245, 52277.0000
2002-01-04,    -9.579,    14.532,    -4.845, 52278.0000
2002-01-05,   -11.087,    13.372,    -0.329, 52279.0000
2002-01-06,   -11.254,    14.124,    -6.760, 52280.0000
2002-01-07,    -8.717,    12.391,    -3.728, 52281.0000
2002-01-08,   -10.419,    13.717,    -2.913, 52282.0000
2002-01-09,    -8.959,    12.525,    -7.981, 52283.0000
2002-01-10,    -8.435,    13.685,    -9.783, 52284.0000
2002-01-11,   -10.762,    14.007,    -4.663, 52285.0000
2002-01-12,   -10.536,    13.354,    -0.277, 52286.0000
2002-01-13,   -11.498,    12.635,    -6.843, 52287.0000
2002-01-14,    -9.449,    13.840,    -1.367, 52288.0000
2002-01-15,   -10.055,    13.394,    -9.063, 52289.0000
2002-01-16,   -10.018,    14.723,    -3.081, 52290.0000
2002-01-17,   -10.863,    13.161,    -5.138, 52291.0000
2002-01-18,   -11.743,    13.195,    -5.843, 52292.0000
2002-01-20,    -9.257,    13.941,    -3.670, 52294.0000
2002-01-21,   -10.688,    13.939,    -1.601, 52295.0000
2002-01-22,    -9.924,    14.612,    -0.485, 52296.0000
2002-01-23,   -10.947,    14.303,    -2.802, 52297.0000
2002-01-24,   -10.208,    13.519,    -3.659, 52298.0000
2002-01-26,   -10.756,    13.715,    -0.646, 52300.0000
2002-01-27,   -10.342,    13.996,    -5.128, 52301.0000
2002-01-28,   -10.621,    14.082,    -5.693, 52302.0000
2002-01-29,   -12.182,    15.470,    -3.662, 52303.0000
2002-01-31,   -12.225,    15.494,    -5.141, 52305.0000
2002-02-01,   -10.739,    14.910,    -9.197, 52306.0000
2002-02-02,   -10.277,    14.998,     2.987, 52307.0000
2002-02-03,   -10.741,    13.655,    -3.067, 52308.0000
2002-02-04,   -12.160,    15.590,    -1.911, 52309.0000
2002-02-05,   -11.383,    14.230,    -7.240, 52310.0000
2002-02-06,   -12.343,    13.543,    -3.833, 52311.0000
2002-02-07,   -12.365,    14.896,    -4.597, 52312.0000
2002-02-08,   -12.029,    15.215,    -2.563, 52313.0000
2002-02-09,   -12.459,    14.202,    -7.194, 52314.0000
2002-02-10,   -12.434,    13.031,   -10.553, 52315.0000
2002-02-11,   -13.537,    15.019,    -6.889, 52316.0000
2002-02-12,   -14.294,    16.113,    -6.190, 52317.0000
2002-02-13,   -12.935,    15.666,    -5.752, 52318.0000
2002-02-20,   -13.778,    15.360,    -4.859, 52325.0000
2002-02-21,   -13.634,    15.813,    -5.314, 52326.0000
2002-02-22,   -13.542,    16.138,     0.436, 52327.0000
2002-02-23,   -12.963,    16.847,    -5.921, 52328.0000
2002-02-24,   -12.529,    14.909,     0.127, 52329.0000
2002-02-25,   -11.805,    16.019,    -4.574, 52330.0000
2002-02-26,   -11.679,    16.341,    -2.766, 52331.0000
2002-02-27,   -14.095,    17.623,     1.764, 52332.0000
2002-02-28,   -14.141,    16.519,    -6.820, 52333.0000
2002-03-01,   -14.726,    16.977,    -4.122, 52334.0000
2002-03-02,   -13.766,    16.409,    -6.405, 52335.0000
2002-03-03,   -14.395,    17.369,    -2.458, 52336.0000
2002-03-05,   -15.279,    16.397,    -5.428, 52338.0000
2002-03-06,   -13.932,    16.757,    -3.795, 52339.0000
2002-03-09,   -13.751,    18.105,    -7.524, 52342.0000
2002-04-18,   -16.486,    19.128,    -6.944, 52382.0000
2002-04-19,   -15.917,    18.838,    -3.629, 52383.0000
2002-04-20,   -15.537,    19.251,    -1.842, 52384.0000
2002-04-21,   -16.872,    18.842,    -6.750, 52385.0000
2002-04-22,   -17.520,    17.942,    -6.550, 52386.0000
2002-04-23,   -17.115,    19.494,    -2.364, 52387.0000
2002-04-24,   -16.295,    19.340,    -6.151, 52388.0000
2002-04-25,   -15.959,    18.768,     1.240, 52389.0000
2002-04-26,   -16.921,    19.810,    -5.556, 52390.0000
2002-04-27,   -16.043,    19.486,    -3.611, 52391.0000
2002-04-28,   -17.882,    20.130,    -5.273, 52392.0000
2002-04-29,   -16.534,    19.827,    -4.705, 52393.0000
2002-04-30,   -17.775,    20.736,    -3.767, 52394.0000
2002-05-01,   -17.782,    18.726,    -8.939, 52395.0000
2002-05-02,   -16.988,    19.766,    -9.456, 52396.0000
2002-05-03,   -16.809,    20.623,    -7.318, 52397.0000
2002-05-04,   -17.928,    19.489,    -6.509, 52398.0000
2002-05-05,   -17.658,    19.591,    -5.005, 52399.0000
2002-05-06,   -17.219,    18.896,    -2.327, 52400.0000
2002-05-07,   -17.447,    19.326,   -10.884, 52401.0000
2002-05-08,   -17.501,    20.039,    -4.721, 52402.0000
2002-05-09,   -17.548,    20.558,    -8.298, 52403.0000
2002-05-10,   -17.896,    19.033,    -2.705, 52404.0000
2002-05-11,   -16.399,    20.335,    -5.936, 52405.0000
2002-05-13,   -17.526,    19.202,    -5.113, 52407.0000
2002-05-14,   -17.938,    20.667,    -6.209, 52408.0000
2002-05-15,   -16.516,    20.976,    -3.308, 52409.0000
2002-05-16,   -17.093,    20.783,    -5.932, 52410.0000
2003-09-11,   -41.582,    45.129,     2.495, 52893.0000
2003-09-12,   -41.754,    45.316,     0.496, 52894.0000
2003-09-13,   -41.666,    42.599,     0.669, 52895.0000
2003-09-14,   -41.900,    43.784,    -2.118, 52896.0000
2003-09-15,   -41.933,    44.483,    -0.509, 52897.0000
2003-09-16,   -42.107,    44.699,    -1.934, 52898.0000
2003-09-17,   -42.315,    44.432,    -0.945, 52899.0000
2003-09-18,   -41.751,    44.631,    -2.204, 52900.0000
2003-09-19,   -41.843,    43.497,    -4.355, 52901.0000
2003-09-20,   -42.305,    43.363,    -0.889, 52902.0000
2003-09-21,   -41.563,    45.155,     0.816, 52903.0000
2003-09-22,   -42.822,    44.462,    -5.005, 52904.0000
2003-09-23,   -42.152,    44.273,    -5.516, 52905.0000
2003-09-24,   -41.335,    44.337,     0.256, 52906.0000
2003-09-25,   -43.518,    44.629,     0.475, 52907.0000
2003-09-26,   -42.652,    44.252,    -2.181, 52908.0000
2003-09-27,   -43.644,    44.465,    -3.835, 52909.0000
2003-09-28,   -44.660,    44.590,    -1.467, 52910.0000
2003-09-29,   -42.552,    44.927,    -1.193, 52911.0000
2003-09-30,   -42.162,    43.265,    -3.175, 52912.0000
2003-10-01,   -43.872,    45.521,     1.066, 52913.0000
2003-10-02,   -43.082,    44.576,    -5.526, 52914.0000
2003-10-03,   -42.900,    45.043,    -1.805, 52915.0000
2003-10-04,   -42.596,    46.205,    -1.279, 52916.0000
2003-10-05,   -42.646,    45.734,    -9.235, 52917.0000
2003-10-06,   -44.103,    45.065,     2.013, 52918.0000
2003-10-07,   -43.894,    44.983,    -4.738, 52919.0000
2003-10-08,   -42.916,    45.634,    -5.853, 52920.0000
2003-10-09,   -43.158,    45.492,    -1.647, 52921.0000
2003-10-10,   -43.461,    44.710,    -2.814, 52922.0000
2003-10-11,   -43.849,    44.746,    -9.483, 52923.0000
2003-10-12,   -43.671,    46.629,    -3.375, 52924.0000
2003-10-13,   -43.449,    45.254,    -7.424, 52925.0000
2003-10-14,   -42.212,    46.744,    -3.070, 52926.0000
2003-10-15,   -42.657,    44.922,    -5.515, 52927.0000
2003-10-16,   -42.616,    45.462,    -6.996, 52928.0000
2003-10-17,   -43.025,    45.060,    -7.546, 52929.0000
2003-10-18,   -42.577,    45.181,    -7.836, 52930.0000
2003-10-19,   -42.759,    46.152,    -8.698, 52931.0000
2003-10-20,   -43.733,    46.451,    -4.671, 52932.0000
2003-10-21,   -42.955,    44.912,    -3.170, 52933.0000
2003-10-22,   -44.029,    45.816,    -6.427, 52934.0000
2003-10-23,   -43.695,    44.797,    -6.510, 52935.0000
2003-10-24,   -45.257,    47.025,    -7.585, 52936.0000
2003-10-25,   -43.109,    44.633,    -2.265, 52937.0000
2003-10-26,   -44.300,    46.779,    -5.010, 52938.0000
2003-10-27,   -44.342,    46.028,    -3.534, 52939.0000
2003-10-28,   -43.839,    45.080,    -4.593, 52940.0000
2003-10-29,   -43.832,    46.609,    -8.032, 52941.0000
2003-10-30,   -44.045,    46.324,    -5.846, 52942.0000
2003-10-31,   -45.127,    46.271,    -5.020, 52943.0000
2003-11-01,   -43.930,    46.942,    -9.529, 52944.0000
2003-11-02,   -44.101,    46.662,    -0.003, 52945.0000
2003-11-03,   -45.031,    47.047,    -7.970, 52946.0000
2003-11-04,   -44.413,    46.763,   -13.305, 52947.0000
2003-11-05,   -45.197,    47.879,    -8.779, 52948.0000
2003-11-06,   -43.970,    47.757,    -5.657, 52949.0000
2003-11-07,   -44.029,    47.624,    -3.167, 52950.0000
2003-11-08,   -42.991,    46.339,    -1.084, 52951.0000
2003-11-09,   -43.344,    47.735,    -6.859, 52952.0000
2003-11-10,   -43.755,    46.210,    -8.132, 52953.0000
2003-11-11,   -43.260,    45.583,    -6.182, 52954.0000
2003-11-12,   -44.295,    47.407,    -6.496, 52955.0000
2003-11-13,   -45.565,    46.856,    -4.637, 52956.0000
2003-11-14,   -44.613,    45.645,    -1.973, 52957.0000
2004-01-03,   -47.256,    51.225,     1.898, 53007.0000
2004-01-04,   -46.049,    51.464,    -1.624, 53008.0000
2004-01-05,   -47.625,    49.692,    -4.615, 53009.0000
2004-01-06,   -44.830,    50.464,    -0.786, 53010.0000
2004-01-07,   -45.875,    51.514,    -3.029, 53011.0000
2004-01-08,   -47.673,    52.291,     2.859, 53012.0000
2004-01-09,   -47.116,    51.428,     0.581, 53013.0000
2004-01-10,   -47.217,    49.942,    -6.334, 53014.0000
2004-01-11,   -46.725,    51.978,    -4.658, 53015.0000
2004-01-12,   -46.413,    51.280,     0.475, 53016.0000
2004-01-13,   -47.554,    50.801,    -5.190, 53017.0000
2004-01-14,   -47.109,    50.147,    -3.337, 53018.0000
2004-01-15,   -47.195,    50.403,    -6.999, 53019.0000
2004-01-16,   -47.549,    51.813,    -6.201, 53020.0000
2004-01-17,   -47.427,    51.775,    -3.413, 53021.0000
2004-01-18,   -47.798,    51.820,    -7.427, 53022.0000
2004-01-19,   -48.228,    51.290,    -2.605, 53023.0000
2004-01-20,   -46.948,    52.161,    -3.273, 53024.0000
2004-01-21,   -48.207,    51.588,    -7.579, 53025.0000
2004-01-22,   -48.368,    51.982,    -6.630, 53026.0000
2004-01-23,   -47.594,    52.346,    -1.722, 53027.0000
2004-01-24,   -47.940,    51.767,    -1.111, 53028.0000
2004-01-25,   -48.039,    52.617,    -3.294, 53029.0000
2004-01-26,   -48.270,    52.364,    -1.187, 53030.0000
2004-01-27,   -48.399,    52.111,    -3.723, 53031.0000
2004-01-28,   -47.428,    51.157,     2.242, 53032.0000
2004-01-29,   -46.774,    53.105,    -3.078, 53033.0000
2004-01-30,   -47.835,    51.109,    -3.590, 53034.0000
2004-01-31,   -48.996,    52.389,    -2.284, 53035.0000
2004-02-01,   -48.205,    52.349,    -2.383, 53036.0000
2004-02-02,   -47.617,    52.448,     0.712, 53037.0000
2004-02-03,   -47.527,    53.401,    -8.100, 53038.0000
2004-02-04,   -49.528,    53.912,    -3.004, 53039.0000
2004-02-05,   -48.350,    53.691,    -2.160, 53040.0000
2004-02-06,   -49.808,    52.366,    -3.274, 53041.0000
2004-02-07,   -49.919,    53.415,     0.116, 53042.0000
2004-02-08,   -48.057,    53.812,    -3.757, 53043.0000
2004-02-09,   -48.644,    53.723,    -0.600, 53044.0000
2004-02-10,   -48.427,    53.602,    -3.175, 53045.0000
2004-02-11,   -48.998,    52.271,    -4.217, 53046.0000
2004-02-12,   -50.449,    51.163,    -5.050, 53047.0000
2004-02-13,   -48.253,    52.148,    -5.898, 53048.0000
2004-02-14,   -49.117,    53.216,    -8.392, 53049.0000
2004-02-15,   -49.796,    51.178,   -10.269, 53050.0000
2004-02-16,   -48.477,    53.186,    -4.318, 53051.0000
2004-02-28,   -50.872,    52.123,     0.227, 53063.0000
2004-02-29,   -50.790,    54.122,    -1.151, 53064.0000
2004-03-01,   -51.206,    54.951,    -5.146, 53065.0000
2004-03-02,   -50.011,    52.915,     0.425, 53066.0000
2004-03-03,   -49.295,    53.380,    -5.068, 53067.0000
2004-03-04,   -50.978,    54.454,    -5.710, 53068.0000
2004-03-05,   -49.847,    54.338,    -2.664, 53069.0000
2004-03-06,   -50.316,    52.433,    -0.251, 53070.0000
2004-03-07,   -50.367,    53.328,    -4.867, 53071.0000
2004-03-08,   -51.711,    54.539,    -6.968, 53072.0000
2004-03-09,   -50.620,    54.724,    -0.695, 53073.0000
2004-03-10,   -51.639,    54.768,    -5.320, 53074.0000
2004-03-11,   -52.074,    54.408,     0.093, 53075.0000
2004-03-12,   -52.712,    54.287,    -2.768, 53076.0000
2004-03-13,   -51.258,    53.315,    -5.811, 53077.0000
2004-03-14,   -51.381,    54.045,    -2.765, 53078.0000
2004-03-15,   -51.000,    54.994,   -10.335, 53079.0000
2004-03-16,   -51.302,    55.499,    -3.799, 53080.0000
2004-03-17,   -52.839,    54.808,    -3.938, 53081.0000
2004-03-18,   -52.353,    54.671,    -3.299, 53082.0000
2004-03-19,   -52.686,    55.966,    -8.376, 53083.0000
2004-03-20,   -53.440,    54.812,    -8.059, 53084.0000
2004-03-21,   -51.388,    57.645,    -3.198, 53085.0000
2004-03-23,   -50.078,    56.584,    -3.832, 53087.0000
2004-03-24,   -51.563,    57.218,    -1.100, 53088.0000
2004-03-25,   -51.178,    55.200,    -7.000, 53089.0000
2004-03-26,   -52.429,    55.626,    -6.279, 53090.0000
2004-03-27,   -52.115,    56.674,    -2.545, 53091.0000
2004-03-28,   -51.965,    56.116,    -3.213, 53092.0000
2004-03-29,   -51.586,    56.535,     0.348, 53093.0000
2004-03-30,   -53.879,    57.048,    -6.025, 53094.0000
2004-03-31,   -53.397,    56.325,    -0.277, 53095.0000
2004-04-01,   -54.701,    56.607,    -4.299, 53096.0000
2004-04-02,   -53.578,    56.205,    -0.934, 53097.0000
2004-04-03,   -52.153,    55.898,    -1.751, 53098.0000
2004-04-04,   -52.111,    56.729,    -6.106, 53099.0000
2004-04-05,   -50.741,    57.588,    -5.584, 53100.0000
2004-04-06,   -53.083,    56.677,    -4.762, 53101.0000
2004-04-07,   -52.050,    56.616,    -4.158, 53102.0000
2004-04-08,   -53.340,    56.040,     0.978, 53103.0000
2004-04-09,   -53.441,    57.856,    -6.750, 53104.0000
2004-04-10,   -53.989,    56.516,    -2.059, 53105.0000
2004-04-11,   -54.376,    57.225,     1.663, 53106.0000
2004-04-12,   -53.225,    56.945,    -4.665, 53107.0000
2004-04-13,   -52.623,    56.752,    -3.912, 53108.0000
2004-04-14,   -53.130,    57.962,    -3.567, 53109.0000
2004-04-15,   -53.526,    58.047,    -6.286, 53110.0000
2004-04-16,   -54.112,    57.501,    -2.618, 53111.0000
2004-04-17,   -55.104,    57.233,    -5.025, 53112.0000
2004-04-18,   -55.297,    57.305,    -2.074, 53113.0000
2004-04-19,   -54.011,    58.030,    -5.596, 53114.0000
2004-04-20,   -54.588,    57.693,    -0.902, 53115.0000
2004-04-21,   -52.622,    57.649,     3.624, 53116.0000
2004-04-22,   -52.004,    58.679,    -3.339, 53117.0000
2004-04-23,   -52.583,    58.601,     2.342, 53118.0000
2004-04-24,   -53.046,    56.919,    -0.882, 53119.0000
2004-04-25,   -53.207,    58.113,    -5.420, 53120.0000
2004-04-26,   -54.171,    56.778,    -1.621, 53121.0000
2004-04-27,   -53.521,    57.074,    -1.434, 53122.0000
2004-04-28,   -53.338,    57.115,    -1.910, 53123.0000
2004-04-29,   -53.338,    57.237,     0.953, 53124.0000
2004-04-30,   -54.081,    57.495,     0.042, 53125.0000
2004-05-01,   -55.167,    57.859,     1.409, 53126.0000
2004-05-02,   -52.791,    58.082,    -3.790, 53127.0000
2004-05-03,   -53.779,    58.903,    -1.001, 53128.0000
2004-05-04,   -53.970,    58.051,    -4.801, 53129.0000
2004-05-05,   -55.894,    58.967,    -4.481, 53130.0000
2004-05-06,   -55.001,    57.440,    -2.106, 53131.0000
2004-05-07,   -55.214,    58.348,    -1.449, 53132.0000
2004-05-08,   -53.978,    57.679,    -4.268, 53133.0000
2004-05-09,   -54.589,    57.795,    -2.463, 53134.0000
2004-05-10,   -55.069,    59.226,    -4.936, 53135.0000
2004-05-11,   -53.948,    56.633,    -0.383, 53136.0000
2004-05-12,   -54.542,    58.492,    -0.885, 53137.0000
2004-05-13,   -54.720,    59.291,    -3.258, 53138.0000
2004-05-14,   -55.413,    58.951,    -3.198, 53139.0000
2004-05-15,   -54.875,    57.706,    -0.764, 53140.0000
2004-05-16,   -54.764,    58.061,     2.071, 53141.0000
2004-05-17,   -55.070,    58.173,    -5.766, 53142.0000
2004-05-18,   -55.408,    58.225,     4.604, 53143.0000
2004-05-19,   -54.167,    60.257,     2.020, 53144.0000
2004-05-20,   -54.708,    58.272,    -0.116, 53145.0000
2004-05-21,   -55.082,    58.554,     4.764, 53146.0000
2004-05-22,   -55.703,    59.133,     5.877, 53147.0000
2004-05-23,   -55.338,    59.913,     5.821, 53148.0000
2004-05-24,   -54.578,    59.272,     1.323, 53149.0000
2004-05-25,   -54.830,    58.803,     5.918, 53150.0000
2004-05-26,   -55.461,    59.966,     3.904, 53151.0000
2004-05-27,   -55.850,    58.013,     0.982, 53152.0000
2004-05-28,   -55.117,    58.952,     5.603, 53153.0000
2004-05-29,   -54.409,    59.067,     0.145, 53154.0000
2004-05-30,   -56.698,    58.620,     1.187, 53155.0000
2004-05-31,   -55.516,    58.966,     3.803, 53156.0000
2004-06-01,   -55.041,    58.567,     8.191, 53157.0000
2004-06-02,   -54.069,    59.467,     5.441, 53158.0000
2004-06-03,   -54.399,    59.154,     2.928, 53159.0000
2004-06-04,   -53.232,    59.913,     2.520, 53160.0000
2004-06-05,   -54.780,    59.503,     8.254, 53161.0000
2004-06-06,   -55.647,    59.790,     6.474, 53162.0000
2004-06-07,   -55.128,    60.081,     7.457, 53163.0000
2004-06-08,   -54.622,    59.389,     1.606, 53164.0000
2004-06-09,   -54.268,    59.839,     1.064, 53165.0000
2004-06-10,   -55.784,    60.890,     1.960, 53166.0000
2004-06-11,   -55.760,    59.939,     2.712, 53167.0000
2004-06-12,   -56.709,    60.320,     7.603, 53168.0000
2004-06-13,   -54.885,    59.775,     5.687, 53169.0000
2004-06-14,   -54.608,    59.692,     3.480, 53170.0000
2004-06-15,   -55.607,    60.651,     4.816, 53171.0000
2004-06-16,   -54.229,    59.162,     0.317, 53172.0000
2004-06-17,   -55.320,    59.486,    -3.083, 53173.0000
2004-06-18,   -56.155,    60.012,    -0.755, 53174.0000
2004-06-19,   -56.086,    60.866,     1.900, 53175.0000
2004-06-20,   -54.546,    60.672,     4.312, 53176.0000
2004-06-21,   -55.810,    59.784,    10.494, 53177.0000
2004-06-22,   -54.166,    60.293,     4.052, 53178.0000
2004-06-23,   -55.339,    59.720,     1.368, 53179.0000
2004-06-24,   -55.717,    60.372,     5.437, 53180.0000
2004-06-25,   -56.830,    61.440,     3.013, 53181.0000
2004-06-26,   -55.985,    60.633,    -2.121, 53182.0000
2004-06-27,   -56.010,    60.135,     3.853, 53183.0000
2004-06-28,   -55.379,    61.753,     5.034, 53184.0000
2004-06-29,   -55.416,    59.832,     4.872, 53185.0000
2004-06-30,   -55.633,    60.361,     7.180, 53186.0000
2004-07-01,   -56.185,    60.618,    -2.003, 53187.0000
2004-07-02,   -56.239,    61.370,     3.964, 53188.0000
2004-07-03,   -55.670,    60.158,     7.166, 53189.0000
2004-07-04,   -55.425,    61.875,     4.094, 53190.0000
2004-07-05,   -56.894,    62.436,    -1.199, 53191.0000
2004-07-06,   -55.589,    61.558,     4.692, 53192.0000
2004-07-07,   -56.060,    61.275,    -2.315, 53193.0000
2004-07-08,   -54.888,    61.606,    -0.471, 53194.0000
2004-07-09,   -59.180,    59.257,     1.672, 53195.0000
2004-07-10,   -57.468,    60.311,     4.803, 53196.0000
2004-07-11,   -56.584,    60.918,    -1.604, 53197.0000
2004-07-12,   -57.888,    60.606,     3.196, 53198.0000
2004-07-13,   -56.561,    59.611,     2.260, 53199.0000
2004-07-14,   -57.547,    62.038,     7.060, 53200.0000
2004-07-15,   -56.278,    62.133,     3.259, 53201.0000
2004-07-16,   -56.756,    61.263,    -2.905, 53202.0000
2004-07-17,   -56.457,    61.778,    -4.566, 53203.0000
2004-07-18,   -57.236,    61.457,     3.087, 53204.0000
2004-07-19,   -57.379,    61.421,     4.574, 53205.0000
2004-07-20,   -57.603,    62.339,     0.807, 53206.0000
2004-07-21,   -57.625,    61.229,    -0.712, 53207.0000
2004-07-22,   -57.497,    60.386,     4.521, 53208.0000
2004-07-23,   -58.034,    59.766,     3.367, 53209.0000
2004-07-24,   -57.542,    60.805,    -1.974, 53210.0000
2004-07-25,   -56.879,    62.139,     4.162, 53211.0000
2004-07-26,   -57.474,    62.135,    -0.549, 53212.0000
2004-07-27,   -57.098,    61.957,     5.509, 53213.0000
2004-07-28,   -57.127,    61.436,     4.728, 53214.0000
2004-07-29,   -57.176,    62.750,     1.823, 53215.0000
2004-07-30,   -57.456,    60.131,     0.394, 53216.0000
2004-07-31,   -56.635,    61.412,     0.299, 53217.0000
2004-08-01,   -56.919,    60.853,     1.624, 53218.0000
2004-08-02,   -58.287,    62.375,    -0.083, 53219.0000
2004-08-03,   -57.399,    60.943,    -5.997, 53220.0000
2004-08-04,   -58.452,    60.418,    -6.559, 53221.0000
2004-08-05,   -57.100,    61.697,    -0.581, 53222.0000
2004-08-06,   -56.738,    62.141,     0.021, 53223.0000
2004-08-07,   -58.106,    62.806,     4.567, 53224.0000
2004-08-08,   -58.143,    61.687,     3.333, 53225.0000
2004-08-09,   -58.933,    60.595,     1.522, 53226.0000
2004-08-10,   -58.871,    62.187,     0.062, 53227.0000
2004-08-11,   -58.025,    61.402,     0.637, 53228.0000
2004-08-12,   -57.781,    62.620,     5.926, 53229.0000
2004-08-13,   -58.182,    61.369,    -2.359, 53230.0000
2004-08-14,   -57.314,    62.587,     0.846, 53231.0000
2004-08-15,   -57.857,    60.490,    -0.794, 53232.0000
2004-08-16,   -58.611,    62.989,    -3.578, 53233.0000
2004-08-17,   -58.392,    61.963,    -1.849, 53234.0000
2004-08-18,   -60.361,    60.888,    -1.688, 53235.0000
2004-08-19,   -59.007,    62.588,     2.053, 53236.0000
2004-08-20,   -59.135,    62.503,     4.710, 53237.0000
2004-08-21,   -59.494,    62.908,    -2.640, 53238.0000
2004-08-22,   -59.096,    61.608,    -1.082, 53239.0000
2004-08-23,   -59.987,    61.792,    -0.069, 53240.0000
2004-08-24,   -59.743,    61.796,    -2.332, 53241.0000
2004-08-25,   -60.486,    62.584,    -1.931, 53242.0000
2004-08-26,   -59.149,    61.338,    -1.743, 53243.0000
2004-08-27,   -58.876,    62.777,    -2.284, 53244.0000
2004-08-28,   -58.696,    62.312,    -3.663, 53245.0000
2004-08-29,   -59.165,    62.530,     1.422, 53246.0000
2004-08-30,   -60.468,    62.381,     1.889, 53247.0000
2004-09-12,   -59.276,    64.642,    -4.290, 53260.0000
2004-09-13,   -60.452,    62.949,    -1.643, 53261.0000
2004-09-14,   -60.416,    63.546,    -4.246, 53262.0000
2004-09-15,   -60.437,    62.068,    -1.874, 53263.0000
2004-09-16,   -60.713,    63.954,    -5.371, 53264.0000
2004-09-17,   -60.494,    64.222,    -7.503, 53265.0000
2004-09-18,   -60.027,    64.424,    -4.388, 53266.0000
2004-09-19,   -58.523,    62.319,    -1.846, 53267.0000
2004-09-20,   -60.131,    64.083,    -6.457, 53268.0000
2004-09-21,   -59.735,    64.795,    -1.847, 53269.0000
2004-09-22,   -60.772,    63.668,    -4.499, 53270.0000
2004-09-23,   -61.234,    65.245,    -2.308, 53271.0000
2004-09-24,   -61.237,    64.141,    -1.113, 53272.0000
2004-09-25,   -60.975,    64.772,    -5.779, 53273.0000
2004-09-26,   -61.428,    63.542,    -6.038, 53274.0000
2004-09-27,   -60.940,    64.193,    -3.399, 53275.0000
2004-09-28,   -60.681,    63.688,    -4.605, 53276.0000
2004-09-29,   -61.387,    64.336,    -3.159, 53277.0000
2004-09-30,   -62.111,    64.154,    -1.385, 53278.0000
2004-10-01,   -62.193,    65.483,    -5.294, 53279.0000
2004-10-02,   -60.699,    64.672,    -4.287, 53280.0000
2004-10-03,   -63.695,    64.503,    -2.973, 53281.0000
2004-10-04,   -61.940,    65.006,    -2.022, 53282.0000
2004-10-05,   -60.214,    64.284,    -0.841, 53283.0000
2004-10-06,   -62.518,    64.959,    -2.247, 53284.0000
2004-10-07,   -61.847,    64.437,    -5.545, 53285.0000
2004-10-08,   -63.221,    65.500,    -3.817, 53286.0000
2004-10-09,   -62.456,    64.905,    -2.175, 53287.0000
2004-10-10,   -62.642,    65.939,    -4.536, 53288.0000
2004-10-11,   -63.254,    64.845,    -3.816, 53289.0000
2004-10-12,   -63.522,    64.252,    -3.618, 53290.0000
2004-10-13,   -61.641,    66.346,    -5.308, 53291.0000
2004-10-14,   -61.894,    66.623,    -3.975, 53292.0000
2004-10-15,   -62.396,    66.024,    -8.138, 53293.0000
2004-10-16,   -61.732,    65.961,    -2.855, 53294.0000
2004-10-17,   -62.713,    64.812,    -9.752, 53295.0000
2004-10-18,   -61.477,    65.470,    -3.439, 53296.0000
2004-10-19,   -63.811,    65.635,     1.808, 53297.0000
2004-10-20,   -63.250,    64.963,    -0.194, 53298.0000
2004-10-21,   -63.198,    64.628,    -3.795, 53299.0000
2004-10-22,   -63.314,    66.281,    -5.260, 53300.0000
2004-10-23,   -62.649,    65.082,    -2.661, 53301.0000
2004-10-24,   -61.540,    66.244,    -3.445, 53302.0000
2004-10-25,   -63.351,    64.924,    -5.781, 53303.0000
2004-10-26,   -62.175,    64.862,    -2.143, 53304.0000
2004-10-27,   -62.870,    67.065,    -2.814, 53305.0000
2004-10-28,   -61.654,    67.212,    -5.915, 53306.0000
2004-10-29,   -61.888,    67.023,    -5.178, 53307.0000
2004-10-30,   -62.307,    66.790,    -7.768, 53308.0000
2004-10-31,   -61.561,    66.262,    -5.866, 53309.0000
2004-11-01,   -61.475,    65.291,    -9.839, 53310.0000
2004-11-02,   -61.872,    67.870,    -6.347, 53311.0000
2004-11-03,   -62.080,    67.568,    -5.076, 53312.0000
2004-11-04,   -62.674,    68.014,    -7.210, 53313.0000
2004-11-05,   -60.954,    67.174,    -5.614, 53314.0000
2004-11-06,   -61.557,    66.785,    -3.041, 53315.0000
2004-11-07,   -62.259,    65.847,    -0.892, 53316.0000
2004-11-08,   -61.996,    66.761,    -2.761, 53317.0000
2004-11-09,   -62.681,    67.927,    -5.176, 53318.0000
2004-11-10,   -62.895,    68.346,     1.977, 53319.0000
2004-11-11,   -63.310,    68.220,    -5.518, 53320.0000
2004-11-12,   -62.140,    67.228,     0.518, 53321.0000
2004-11-13,   -62.922,    66.216,     2.044, 53322.0000
2004-11-14,   -63.816,    67.387,    -1.995, 53323.0000
2004-12-12,   -62.362,    68.490,    -4.617, 53351.0000
2004-12-13,   -63.542,    69.415,    -5.385, 53352.0000
2004-12-14,   -62.785,    69.352,   -13.590, 53353.0000
2004-12-16,   -62.849,    68.407,    -3.173, 53355.0000
2004-12-17,   -64.820,    70.158,    -2.990, 53356.0000
2004-12-18,   -63.631,    68.283,    -6.627, 53357.0000
2005-01-04,   -62.763,    69.850,    -5.425, 53374.0000
2005-01-05,   -64.632,    69.758,    -1.744, 53375.0000
2005-01-06,   -65.043,    69.990,    -9.132, 53376.0000
2005-01-07,   -64.735,    70.155,    -3.751, 53377.0000
2005-01-08,   -63.412,    72.145,     1.487, 53378.0000
2005-01-09,   -64.873,    70.598,    -3.152, 53379.0000
2005-01-10,   -64.445,    71.552,    -6.250, 53380.0000
2005-01-11,   -65.168,    71.477,    -4.789, 53381.0000
2005-01-12,   -65.190,    70.615,    -3.694, 53382.0000
2005-01-13,   -64.049,    71.108,    -8.393, 53383.0000
2005-01-14,   -65.841,    70.773,    -1.008, 53384.0000
2005-01-15,   -65.205,    72.363,    -7.901, 53385.0000
2005-01-16,   -64.782,    71.593,   -12.018, 53386.0000
2005-01-17,   -66.219,    72.152,    -8.748, 53387.0000
2005-01-18,   -65.292,    71.144,    -5.776, 53388.0000
2005-01-19,   -64.815,    72.476,    -5.913, 53389.0000
2005-01-20,   -66.812,    71.101,    -9.889, 53390.0000
2005-01-21,   -65.491,    71.363,    -4.696, 53391.0000
2005-01-22,   -65.086,    71.998,    -3.058, 53392.0000
2005-01-23,   -66.520,    71.229,    -9.280, 53393.0000
2005-01-24,   -64.886,    71.335,    -7.621, 53394.0000
2005-01-25,   -64.374,    71.570,   -10.309, 53395.0000
2005-01-26,   -65.247,    71.851,    -2.987, 53396.0000
2005-01-27,   -65.135,    72.383,    -6.789, 53397.0000
2005-01-28,   -64.799,    72.951,    -6.641, 53398.0000
2005-01-30,   -65.591,    72.430,    -5.643, 53400.0000
2005-02-12,   -68.005,    72.452,    -3.553, 53413.0000
2005-06-02,   -73.266,    76.697,    -5.497, 53523.0000
2005-07-10,   -72.576,    80.280,     8.169, 53561.0000
2005-07-11,   -73.463,    79.603,     4.977, 53562.0000
2005-07-12,   -75.660,    80.749,     1.471, 53563.0000
2005-07-13,   -74.720,    79.830,     4.941, 53564.0000
2005-07-14,   -75.038,    81.691,     2.801, 53565.0000
2005-07-15,   -75.342,    81.504,     4.270, 53566.0000
2005-07-18,   -74.729,    78.847,     1.999, 53569.0000
2005-07-19,   -74.870,    80.659,     0.894, 53570.0000
2005-07-21,   -76.973,    80.549,     5.533, 53572.0000
2005-07-25,   -74.839,    80.366,     4.732, 53576.0000
2005-07-26,   -74.144,    81.155,     2.017, 53577.0000
2005-07-27,   -74.896,    80.075,     2.672, 53578.0000
2005-07-30,   -75.116,    81.726,     1.430, 53581.0000
2005-08-01,   -74.925,    81.526,    -1.637, 53583.0000
2005-08-02,   -76.584,    80.837,     1.203, 53584.0000
2005-08-03,   -75.762,    82.168,     1.594, 53585.0000
2005-08-05,   -75.367,    81.474,    -3.270, 53587.0000
2005-08-06,   -75.603,    80.539,     5.532, 53588.0000
2005-08-07,   -76.393,    80.715,    -1.763, 53589.0000
2005-08-08,   -74.575,    83.109,     6.708, 53590.0000
2005-08-10,   -75.400,    81.132,    -6.567, 53592.0000
2005-08-11,   -77.085,    82.452,     1.346, 53593.0000
2005-08-12,   -75.565,    81.249,    -2.319, 53594.0000
2005-08-13,   -76.855,    82.302,    -0.742, 53595.0000
2005-08-15,   -77.224,    81.903,    -2.695, 53597.0000
2005-08-16,   -77.936,    82.545,     0.143, 53598.0000
2005-08-18,   -76.531,    80.987,    -2.350, 53600.0000
2005-08-19,   -77.429,    82.031,    -3.807, 53601.0000
2005-08-21,   -77.703,    81.977,    -3.464, 53603.0000
2005-08-22,   -76.278,    82.254,    -5.050, 53604.0000
2005-08-23,   -78.062,    81.789,    -0.315, 53605.0000
2005-08-25,   -78.105,    82.727,    -6.422, 53607.0000
2005-08-26,   -76.095,    81.015,    -4.443, 53608.0000
2005-09-02,   -77.962,    81.156,    -1.701, 53615.0000
2005-09-03,   -78.053,    83.410,    -4.028, 53616.0000
2005-09-04,   -78.723,    81.452,    -1.861, 53617.0000
2005-09-05,   -78.185,    83.318,    -8.495, 53618.0000
2005-09-06,   -77.728,    82.136,    -1.542, 53619.0000
2005-09-07,   -78.556,    81.806,    -6.307, 53620.0000
2005-09-08,   -78.204,    83.987,    -3.910, 53621.0000
2005-09-09,   -78.502,    82.253,    -2.613, 53622.0000
2005-09-11,   -79.429,    82.533,    -5.336, 53624.0000
2005-09-12,   -78.558,    83.051,   -10.321, 53625.0000
2005-09-13,   -78.689,    82.180,   -10.922, 53626.0000
2005-09-14,   -79.097,    81.536,    -7.573, 53627.0000
2005-09-15,   -78.551,    83.802,    -4.619, 53628.0000
2005-09-16,   -77.475,    82.175,    -5.008, 53629.0000
2005-09-17,   -79.773,    83.768,    -4.418, 53630.0000
2005-09-18,   -77.883,    84.126,    -4.067, 53631.0000
2005-09-19,   -78.968,    83.775,    -7.036, 53632.0000
2005-09-20,   -78.004,    83.668,    -4.957, 53633.0000
2005-09-21,   -78.405,    83.294,    -0.687, 53634.0000
2005-09-22,   -76.989,    83.302,    -2.642, 53635.0000
2005-09-23,   -78.167,    83.240,    -5.650, 53636.0000
2005-09-24,   -79.770,    84.082,    -6.971, 53637.0000
2005-09-28,   -79.252,    85.078,    -6.586, 53641.0000
2005-09-29,   -79.277,    84.015,    -5.018, 53642.0000
2005-09-30,   -78.446,    86.098,    -3.670, 53643.0000
2005-10-01,   -78.729,    84.838,    -2.825, 53644.0000
2005-10-04,   -77.515,    81.659,    -2.825, 53647.0000
2005-10-06,   -78.388,    83.763,    -2.827, 53649.0000
2005-10-07,   -79.602,    84.292,    -4.210, 53650.0000
2005-10-08,   -79.743,    83.484,    -5.320, 53651.0000
2005-10-09,   -79.376,    84.115,    -6.663, 53652.0000
2005-10-11,   -79.700,    83.623,    -5.634, 53654.0000
2005-10-12,   -79.185,    82.857,    -1.485, 53655.0000
2005-10-13,   -80.211,    83.764,    -0.300, 53656.0000
2005-10-14,   -80.055,    83.806,    -3.774, 53657.0000
2005-10-15,   -81.391,    84.495,    -7.213, 53658.0000
2005-10-16,   -80.268,    84.479,     0.998, 53659.0000
2005-10-17,   -80.192,    84.397,    -5.611, 53660.0000
2005-10-18,   -80.030,    85.720,    -1.111, 53661.0000
2005-10-20,   -78.149,    84.258,    -0.846, 53663.0000
2005-10-21,   -79.029,    84.682,    -6.151, 53664.0000
2005-10-22,   -81.295,    84.142,     1.658, 53665.0000
2005-10-23,   -79.869,    85.187,    -2.734, 53666.0000
2005-10-24,   -79.809,    84.339,    -5.206, 53667.0000
2005-10-25,   -80.599,    85.651,    -4.455, 53668.0000
2005-10-27,   -81.517,    84.959,     0.382, 53670.0000
2005-11-01,   -79.675,    85.066,    -1.700, 53675.0000
2005-11-02,   -80.795,    86.112,     1.043, 53676.0000
2005-11-03,   -81.956,    85.506,    -5.278, 53677.0000
2005-11-04,   -81.026,    85.993,    -2.683, 53678.0000
2005-11-05,   -79.331,    84.556,    -2.274, 53679.0000
2005-11-07,   -80.513,    84.056,    -5.765, 53681.0000
2005-11-09,   -80.615,    87.092,    -4.903, 53683.0000
2005-11-11,   -80.651,    86.578,    -6.977, 53685.0000
2005-11-12,   -80.316,    87.288,    -0.523, 53686.0000
2005-11-13,   -80.816,    86.077,    -7.923, 53687.0000
2005-11-14,   -81.031,    87.475,    -5.875, 53688.0000
2005-11-15,   -81.491,    86.554,    -4.240, 53689.0000
2005-11-16,   -81.180,    84.810,    -3.174, 53690.0000
2005-11-17,   -81.003,    85.863,    -4.934, 53691.0000
2005-11-18,   -80.992,    86.358,    -9.109, 53692.0000
2005-11-19,   -80.953,    86.414,    -2.795, 53693.0000
2005-11-20,   -82.333,    87.063,    -3.623, 53694.0000
2005-11-21,   -81.986,    86.934,    -4.493, 53695.0000
2005-11-22,   -81.414,    86.668,    -5.404, 53696.0000
2005-11-25,   -81.139,    86.372,    -9.198, 53699.0000
2005-11-26,   -80.228,    86.305,    -1.076, 53700.0000
2005-11-28,   -82.014,    86.420,    -6.849, 53702.0000
2005-11-30,   -81.812,    86.834,    -6.603, 53704.0000
2005-12-01,   -80.904,    85.973,    -7.098, 53705.0000
2005-12-02,   -81.530,    87.189,    -8.230, 53706.0000
2005-12-03,   -81.678,    88.382,   -10.339, 53707.0000
2005-12-04,   -81.944,    87.754,    -5.193, 53708.0000
2005-12-05,   -80.918,    86.783,    -6.011, 53709.0000
2005-12-06,   -81.839,    86.798,    -3.807, 53710.0000
2005-12-07,   -83.171,    88.659,    -1.162, 53711.0000
2005-12-08,   -82.372,    87.164,    -3.404, 53712.0000
2005-12-09,   -81.318,    87.926,    -0.191, 53713.0000
2005-12-10,   -82.767,    88.344,    -5.792, 53714.0000
2005-12-11,   -82.957,    87.755,     0.135, 53715.0000
2005-12-12,   -82.190,    88.132,    -2.346, 53716.0000
2005-12-13,   -82.420,    87.556,     0.368, 53717.0000
2005-12-15,   -80.038,    88.313,    -9.989, 53719.0000
2005-12-16,   -81.853,    89.058,    -5.111, 53720.0000
2005-12-17,   -81.062,    87.981,    -7.013, 53721.0000
2005-12-18,   -83.065,    88.296,    -2.803, 53722.0000
2005-12-19,   -81.031,    89.044,    -9.690, 53723.0000
2005-12-20,   -82.253,    87.816,    -8.100, 53724.0000
2005-12-21,   -80.913,    87.989,   -10.819, 53725.0000
2005-12-22,   -81.408,    88.772,    -5.915, 53726.0000
2005-12-23,   -81.426,    88.592,    -6.124, 53727.0000
2005-12-24,   -83.096,    87.549,   -10.816, 53728.0000
2005-12-25,   -82.693,    89.535,    -1.562, 53729.0000
2005-12-27,   -82.698,    89.209,    -9.288, 53731.0000
2005-12-29,   -82.399,    88.846,    -8.408, 53733.0000
2005-12-30,   -81.743,    90.674,   -10.504, 53734.0000
2005-12-31,   -81.621,    89.368,    -9.609, 53735.0000
2006-01-01,   -82.146,    90.295,    -8.369, 53736.0000
2006-01-02,   -82.741,    90.071,    -2.089, 53737.0000
2006-01-03,   -80.900,    88.597,    -5.167, 53738.0000
2006-01-04,   -81.197,    89.177,    -4.729, 53739.0000
2006-01-05,   -82.075,    89.762,    -4.724, 53740.0000
2006-01-06,   -81.847,    89.170,    -8.994, 53741.0000
2006-01-07,   -82.719,    90.096,    -7.157, 53742.0000
2006-01-08,   -83.417,    88.806,    -6.773, 53743.0000
2006-01-09,   -82.889,    88.742,    -6.512, 53744.0000
2006-01-10,   -82.580,    90.360,    -8.464, 53745.0000
2006-01-11,   -83.641,    90.381,    -3.726, 53746.0000
2006-01-12,   -82.185,    90.671,    -6.905, 53747.0000
2006-01-13,   -83.018,    89.587,    -4.927, 53748.0000
2006-01-14,   -83.167,    88.526,    -4.039, 53749.0000
2006-01-15,   -83.374,    90.919,    -5.341, 53750.0000
2006-01-17,   -83.066,    89.831,    -5.460, 53752.0000
2006-01-19,   -82.817,    91.268,    -4.230, 53754.0000
2006-01-20,   -82.386,    89.100,    -8.315, 53755.0000
2006-01-21,   -83.160,    91.652,     0.850, 53756.0000
2006-01-23,   -83.787,    90.741,    -4.713, 53758.0000
2006-01-24,   -84.352,    92.170,   -11.687, 53759.0000
2006-01-26,   -84.650,    89.743,    -4.287, 53761.0000
2006-01-27,   -84.434,    89.477,    -3.930, 53762.0000
2006-01-28,   -83.840,    89.482,    -3.343, 53763.0000
2006-01-29,   -83.383,    91.334,    -9.862, 53764.0000
2006-01-30,   -83.911,    91.112,    -8.741, 53765.0000
2006-01-31,   -84.524,    91.565,    -2.899, 53766.0000
2006-02-01,   -84.532,    90.354,    -6.965, 53767.0000
2006-02-02,   -85.735,    91.161,   -10.366, 53768.0000
2006-02-03,   -83.465,    91.628,    -9.869, 53769.0000
2006-02-04,   -85.349,    90.916,   -11.299, 53770.0000
2006-02-05,   -84.554,    91.184,    -8.475, 53771.0000
2006-02-06,   -84.868,    91.618,   -10.507, 53772.0000
2006-02-07,   -85.259,    91.189,    -8.879, 53773.0000
2006-02-08,   -85.791,    92.269,    -8.581, 53774.0000
2006-02-09,   -84.799,    92.129,    -5.868, 53775.0000
2006-02-10,   -84.696,    91.562,   -12.142, 53776.0000
2006-02-11,   -85.165,    91.725,    -6.453, 53777.0000
2006-02-12,   -86.046,    92.063,    -6.480, 53778.0000
2006-02-13,   -84.896,    92.382,    -9.463, 53779.0000
2006-02-14,   -86.039,    92.710,   -10.135, 53780.0000
2006-02-15,   -85.666,    92.883,    -2.495, 53781.0000
2006-02-16,   -85.121,    93.227,    -7.970, 53782.0000
2006-02-17,   -85.825,    91.300,    -9.969, 53783.0000
2006-02-18,   -86.195,    91.853,    -8.180, 53784.0000
2006-02-19,   -85.511,    93.008,   -13.957, 53785.0000
2006-02-20,   -85.337,    92.198,    -8.771, 53786.0000
2006-02-21,   -85.783,    93.205,   -12.943, 53787.0000
2006-02-22,   -85.898,    92.344,   -10.773, 53788.0000
2006-02-23,   -86.293,    92.738,    -3.726, 53789.0000
2006-02-25,   -87.565,    93.228,     0.935, 53791.0000
2006-02-26,   -87.468,    93.364,    -7.929, 53792.0000
2006-02-27,   -86.597,    92.170,    -5.573, 53793.0000
2006-02-28,   -86.539,    92.529,    -7.698, 53794.0000
2006-03-01,   -86.625,    94.558,    -6.645, 53795.0000
2006-03-02,   -87.064,    93.385,    -8.610, 53796.0000
2006-03-03,   -86.466,    92.534,    -8.984, 53797.0000
2006-03-04,   -86.266,    92.264,    -6.959, 53798.0000
2006-03-05,   -88.024,    93.042,    -6.951, 53799.0000
2006-03-06,   -86.204,    93.083,   -12.041, 53800.0000
2006-03-07,   -87.017,    94.038,    -7.087, 53801.0000
2006-03-08,   -88.028,    93.115,   -10.740, 53802.0000
2006-03-09,   -86.702,    93.244,   -10.214, 53803.0000
2006-03-10,   -88.047,    94.851,    -7.812, 53804.0000
2006-03-11,   -87.444,    92.974,    -7.839, 53805.0000
2006-03-12,   -87.967,    93.769,    -2.514, 53806.0000
2006-03-13,   -88.494,    92.778,    -2.736, 53807.0000
2006-03-14,   -89.810,    94.361,    -5.520, 53808.0000
2006-03-15,   -88.476,    94.438,    -4.813, 53809.0000
2006-03-16,   -85.883,    95.279,    -4.850, 53810.0000
2006-03-17,   -88.104,    93.604,    -1.171, 53811.0000
2006-03-18,   -88.194,    93.990,    -6.417, 53812.0000
2006-03-19,   -89.170,    93.953,    -4.525, 53813.0000
2006-03-20,   -87.821,    93.649,    -6.741, 53814.0000
2006-03-21,   -88.170,    92.726,    -7.114, 53815.0000
2006-03-22,   -88.562,    93.558,    -5.353, 53816.0000
2006-03-23,   -87.961,    93.493,    -8.005, 53817.0000
2006-03-24,   -88.472,    92.003,   -10.235, 53818.0000
2006-03-25,   -87.267,    92.355,   -11.209, 53819.0000
2006-03-26,   -88.706,    94.345,    -4.959, 53820.0000
2006-03-27,   -88.639,    93.976,    -9.556, 53821.0000
2006-03-28,   -88.670,    94.088,    -9.055, 53822.0000
2006-03-29,   -89.102,    94.731,    -3.473, 53823.0000
2006-03-30,   -89.445,    94.031,    -9.759, 53824.0000
2006-03-31,   -89.718,    93.986,    -6.042, 53825.0000
2006-04-01,   -90.477,    94.677,    -1.715, 53826.0000
2006-04-02,   -89.914,    93.987,    -4.174, 53827.0000
2006-04-03,   -90.154,    94.877,    -5.808, 53828.0000
2006-04-04,   -90.046,    94.200,    -5.243, 53829.0000
2006-04-05,   -89.193,    92.911,    -7.511, 53830.0000
2006-04-06,   -88.825,    95.430,    -8.095, 53831.0000
2006-04-07,   -90.068,    95.300,    -7.282, 53832.0000
2006-04-08,   -89.252,    95.424,   -10.065, 53833.0000
2006-04-09,   -88.665,    94.278,    -7.221, 53834.0000
2006-04-10,   -89.849,    94.436,    -2.855, 53835.0000
2006-04-11,   -90.282,    94.227,    -3.317, 53836.0000
2006-04-12,   -87.918,    95.540,    -1.920, 53837.0000
2006-04-13,   -88.540,    96.092,    -4.107, 53838.0000
2006-04-14,   -89.012,    95.220,    -7.717, 53839.0000
2006-04-15,   -89.584,    95.310,    -6.232, 53840.0000
2006-04-16,   -90.349,    96.039,    -3.269, 53841.0000
2006-04-17,   -89.336,    95.443,    -5.816, 53842.0000
2006-04-18,   -90.832,    95.304,    -0.262, 53843.0000
2006-04-19,   -90.901,    93.477,    -4.892, 53844.0000
2006-04-20,   -88.629,    95.482,    -5.706, 53845.0000
2006-04-21,   -89.842,    95.835,    -3.729, 53846.0000
2006-04-22,   -89.675,    95.183,    -4.836, 53847.0000
2006-04-23,   -90.651,    97.562,    -5.060, 53848.0000
2006-04-24,   -89.211,    95.372,    -6.016, 53849.0000
2006-04-25,   -90.685,    95.032,    -7.066, 53850.0000
2006-04-26,   -90.796,    95.022,    -3.365, 53851.0000
2006-04-27,   -89.544,    95.643,    -1.122, 53852.0000
2006-04-28,   -90.262,    95.542,    -5.573, 53853.0000
2006-04-29,   -90.415,    95.140,    -7.617, 53854.0000
2006-04-30,   -90.744,    95.581,    -2.573, 53855.0000
2006-05-01,   -89.293,    95.140,    -4.537, 53856.0000
2006-05-02,   -91.004,    95.111,    -5.613, 53857.0000
2006-05-03,   -90.268,    96.896,    -2.981, 53858.0000
2006-05-04,   -90.497,    96.214,    -5.865, 53859.0000
2006-05-05,   -89.288,    95.831,     0.471, 53860.0000
2006-05-06,   -90.827,    96.311,    -0.573, 53861.0000
2006-05-07,   -90.051,    97.275,    -5.765, 53862.0000
2006-05-08,   -90.065,    95.180,    -8.848, 53863.0000
2006-05-09,   -90.948,    96.423,     2.955, 53864.0000
2006-05-10,   -89.342,    96.461,    -7.407, 53865.0000
2006-05-11,   -90.737,    97.421,    -7.423, 53866.0000
2006-05-12,   -89.581,    96.281,    -3.878, 53867.0000
2006-05-13,   -92.085,    96.066,    -6.918, 53868.0000
2006-05-14,   -90.049,    95.977,    -1.667, 53869.0000
2006-05-15,   -90.546,    95.586,    -3.296, 53870.0000
2006-05-16,   -90.337,    97.727,    -0.207, 53871.0000
2006-05-17,   -90.477,    98.520,     2.752, 53872.0000
2006-05-18,   -91.028,    97.458,    -2.386, 53873.0000
2006-05-19,   -88.885,    96.640,    -4.655, 53874.0000
2006-05-20,   -90.135,    98.023,    -0.728, 53875.0000
2006-05-21,   -90.944,    96.337,    -1.389, 53876.0000
2006-05-22,   -91.036,    95.854,    -3.980, 53877.0000
2006-05-23,   -91.055,    98.296,    -1.418, 53878.0000
2006-05-24,   -90.985,    96.944,    -0.820, 53879.0000
2006-05-25,   -91.100,    97.975,    -1.029, 53880.0000
2006-05-26,   -91.864,    96.222,    -0.334, 53881.0000
2006-05-27,   -91.181,    97.359,    -3.987, 53882.0000
2006-05-28,   -91.809,    96.573,     3.513, 53883.0000
2006-05-29,   -90.731,    95.480,    -0.681, 53884.0000
2006-05-30,   -92.546,    95.813,    -4.656, 53885.0000
2006-05-31,   -92.213,    96.793,    -3.272, 53886.0000
2006-06-01,   -92.075,    97.384,    -3.827, 53887.0000
2006-06-02,   -93.153,    99.278,    -3.334, 53888.0000
2006-06-03,   -92.563,    98.117,    -1.058, 53889.0000
2006-06-04,   -91.647,    97.825,    -3.281, 53890.0000
2006-06-05,   -91.071,    97.119,    -2.154, 53891.0000
2006-06-06,   -92.044,    97.183,     0.811, 53892.0000
2006-06-07,   -93.289,    97.430,     0.393, 53893.0000
2006-06-08,   -92.136,    97.650,    -1.295, 53894.0000
2006-06-09,   -91.580,    97.602,     3.096, 53895.0000
2006-06-10,   -90.438,    97.294,    -0.502, 53896.0000
2006-06-11,   -91.899,    97.287,    -2.281, 53897.0000
2006-06-12,   -91.241,    96.942,    -3.403, 53898.0000
2006-06-13,   -90.578,    97.886,     0.758, 53899.0000
2006-06-14,   -91.194,    98.506,     3.110, 53900.0000
2006-06-15,   -92.235,    99.058,     1.715, 53901.0000
2006-06-16,   -91.525,    97.423,    -4.399, 53902.0000
2006-06-17,   -91.809,    97.321,    -0.136, 53903.0000
2006-06-18,   -91.927,    99.574,     2.438, 53904.0000
2006-06-19,   -91.289,    97.750,     0.943, 53905.0000
2006-06-20,   -90.803,    97.488,     0.775, 53906.0000
2006-06-21,   -90.525,    99.189,     2.350, 53907.0000
2006-06-23,   -92.218,    98.383,    -1.635, 53909.0000
2006-06-24,   -91.870,    98.768,     0.970, 53910.0000
2006-06-26,   -92.046,    99.223,    -0.806, 53912.0000
2006-06-27,   -92.360,    98.293,    -2.845, 53913.0000
2006-06-28,   -91.790,    97.677,    -1.282, 53914.0000
2006-06-29,   -92.274,    97.914,     0.303, 53915.0000
2006-06-30,   -93.005,    98.924,    -2.608, 53916.0000
2006-07-01,   -93.468,    98.759,    -0.995, 53917.0000
2006-07-02,   -93.004,    98.296,    -1.504, 53918.0000
2006-07-03,   -93.041,    98.820,    -2.522, 53919.0000
2006-07-04,   -93.532,    99.126,    -1.823, 53920.0000
2006-07-05,   -93.148,    99.343,    -5.191, 53921.0000
2006-07-06,   -93.420,    98.264,    -1.338, 53922.0000
2006-07-07,   -91.661,    98.243,     2.127, 53923.0000
2006-07-08,   -93.429,    98.209,     3.066, 53924.0000
2006-07-09,   -93.519,    99.151,     0.464, 53925.0000
2006-07-10,   -93.911,    99.559,    -4.901, 53926.0000
2006-07-11,   -91.853,    99.457,     0.935, 53927.0000
2006-07-12,   -92.001,    98.316,    -5.807, 53928.0000
2006-07-13,   -92.300,   100.821,    -2.047, 53929.0000
2006-07-14,   -92.590,    99.464,    -1.386, 53930.0000
2006-07-15,   -92.673,    98.993,    -0.287, 53931.0000
2006-07-16,   -93.160,    99.663,    -0.005, 53932.0000
2006-07-17,   -92.605,    99.512,    -6.020, 53933.0000
2006-07-18,   -94.062,    98.168,    -3.591, 53934.0000
2006-07-19,   -93.527,    99.472,     1.333, 53935.0000
2006-07-20,   -92.512,    99.488,    -7.367, 53936.0000
2006-07-21,   -93.530,    99.448,    -5.237, 53937.0000
2006-07-22,   -93.536,    98.759,    -1.815, 53938.0000
2006-07-23,   -92.708,    98.802,    -2.890, 53939.0000
2006-07-24,   -94.332,    99.553,     0.208, 53940.0000
2006-07-26,   -93.213,    98.733,    -1.014, 53942.0000
2006-07-27,   -93.644,    99.523,    -1.590, 53943.0000
2006-07-28,   -94.289,   100.433,    -3.692, 53944.0000
2006-07-29,   -93.584,    99.886,    -4.842, 53945.0000
2006-07-30,   -93.941,    98.620,    -3.993, 53946.0000
2006-07-31,   -94.134,    99.682,    -1.826, 53947.0000
2006-08-01,   -92.438,   100.399,    -2.904, 53948.0000
2006-08-02,   -94.559,    99.536,    -2.754, 53949.0000
2006-08-03,   -94.723,   100.902,    -0.177, 53950.0000
2006-08-04,   -94.402,    98.728,    -4.755, 53951.0000
2006-08-05,   -93.695,   100.705,    -0.846, 53952.0000
2006-08-06,   -94.665,    99.721,    -4.814, 53953.0000
2006-08-07,   -93.079,   100.309,    -4.463, 53954.0000
2006-08-08,   -95.043,   100.134,    -4.262, 53955.0000
2006-08-09,   -94.187,    99.703,    -4.403, 53956.0000
2006-08-10,   -96.146,   100.482,    -2.988, 53957.0000
2006-08-11,   -95.126,   100.074,    -2.714, 53958.0000
2006-08-12,   -93.893,   100.625,     0.094, 53959.0000
2006-08-13,   -95.818,    99.772,    -3.783, 53960.0000
2006-08-14,   -94.648,   100.109,    -3.382, 53961.0000
2006-08-15,   -95.474,   100.199,    -1.153, 53962.0000
2006-08-16,   -94.649,   100.171,    -1.754, 53963.0000
2006-08-17,   -95.543,   100.935,    -0.950, 53964.0000
2006-08-18,   -95.827,   100.356,     0.557, 53965.0000
2006-08-19,   -95.103,   101.597,    -5.956, 53966.0000
2006-08-20,   -96.616,   100.829,    -0.717, 53967.0000
2006-08-21,   -96.364,   101.462,    -8.145, 53968.0000
2006-08-22,   -95.535,   100.340,    -3.368, 53969.0000
2006-08-23,   -96.661,   100.028,    -0.420, 53970.0000
2006-08-24,   -97.432,   101.580,    -1.227, 53971.0000
2006-08-25,   -97.029,   100.403,    -2.001, 53972.0000
2006-08-26,   -95.840,   100.192,    -1.394, 53973.0000
2006-08-27,   -97.440,   101.276,    -6.538, 53974.0000
2006-08-28,   -95.420,   100.662,    -2.152, 53975.0000
2006-08-29,   -95.363,    99.997,     1.418, 53976.0000
2006-08-30,   -96.378,   101.134,    -3.981, 53977.0000
2006-08-31,   -96.903,   101.143,    -2.785, 53978.0000
2006-09-02,   -95.429,   101.837,    -6.299, 53980.0000
2006-09-03,   -96.291,   101.638,    -9.433, 53981.0000
2006-09-04,   -96.319,   100.723,    -4.227, 53982.0000
2006-09-05,   -95.911,   100.920,    -5.105, 53983.0000
2006-09-06,   -97.458,   100.848,    -5.115, 53984.0000
2006-09-07,   -96.843,   101.567,    -1.322, 53985.0000
2006-09-08,   -97.863,   101.493,    -2.260, 53986.0000
2006-09-09,   -96.656,   101.835,    -4.148, 53987.0000
2006-09-10,   -96.736,   100.595,    -3.546, 53988.0000
2006-09-11,   -96.438,   101.150,    -3.633, 53989.0000
2006-09-12,   -95.203,   102.241,    -4.529, 53990.0000
2006-09-13,   -96.763,   100.857,    -0.040, 53991.0000
2006-09-14,   -96.832,   102.365,    -4.054, 53992.0000
2006-09-15,   -96.627,   102.036,    -0.772, 53993.0000
2006-09-16,   -98.206,   102.633,    -3.813, 53994.0000
2006-09-17,   -99.017,   101.867,    -0.264, 53995.0000
2006-09-18,   -97.212,   101.000,    -5.253, 53996.0000
2006-09-19,   -97.052,   101.934,    -2.226, 53997.0000
2006-09-20,   -98.070,   101.029,    -1.799, 53998.0000
2006-09-21,   -96.889,   100.851,    -1.405, 53999.0000
2006-09-22,   -96.474,   102.191,    -8.656, 54000.0000
2006-09-23,   -96.831,   103.103,    -3.277, 54001.0000
2006-09-24,   -97.002,   102.095,    -3.956, 54002.0000
2006-09-25,   -96.421,   102.468,    -6.070, 54003.0000
2006-09-26,   -97.795,   102.915,     1.561, 54004.0000
2006-09-27,   -98.387,   102.637,    -4.372, 54005.0000
2006-09-28,   -97.490,   101.761,    -1.565, 54006.0000
2006-09-29,   -97.717,   103.062,    -4.291, 54007.0000
2006-09-30,   -97.907,   101.636,     1.034, 54008.0000
2006-10-01,   -97.348,   102.022,    -0.559, 54009.0000
2006-10-02,   -97.673,   102.067,    -4.751, 54010.0000
2006-10-03,   -97.806,   103.295,    -5.743, 54011.0000
2006-10-04,   -98.894,   102.148,    -5.477, 54012.0000
2006-10-05,   -98.041,   103.907,    -4.513, 54013.0000
2006-10-06,   -97.225,   102.700,    -7.593, 54014.0000
2006-10-07,   -99.074,   102.887,    -2.809, 54015.0000
2006-10-08,   -97.496,   102.905,    -3.616, 54016.0000
2006-10-09,   -98.510,   103.036,    -8.107, 54017.0000
2006-10-10,   -96.470,   102.525,    -9.103, 54018.0000
2006-10-11,   -98.202,   104.087,    -5.687, 54019.0000
2006-10-12,   -97.620,   102.846,    -6.490, 54020.0000
2006-10-13,   -98.100,   102.749,    -3.078, 54021.0000
2006-10-14,   -99.248,   101.446,    -0.729, 54022.0000
2006-10-15,   -98.370,   103.258,    -3.934, 54023.0000
2006-10-16,   -97.617,   104.231,    -4.827, 54024.0000
2006-10-17,   -99.451,   103.660,    -3.982, 54025.0000
2006-10-18,   -98.665,   103.378,    -4.793, 54026.0000
2006-10-19,   -97.906,   103.492,    -4.505, 54027.0000
2006-10-20,   -98.007,   104.279,    -6.887, 54028.0000
2006-10-21,   -99.306,   104.092,    -3.925, 54029.0000
2006-10-22,   -97.947,   104.975,    -2.938, 54030.0000
2006-10-23,   -99.998,   103.591,    -8.196, 54031.0000
2006-10-24,   -98.420,   104.523,    -2.787, 54032.0000
2006-10-25,   -99.200,   102.862,    -0.534, 54033.0000
2006-10-26,   -98.171,   103.862,    -6.922, 54034.0000
2006-10-27,   -98.104,   103.384,    -5.137, 54035.0000
2006-10-28,   -98.648,   105.542,    -3.985, 54036.0000
2006-10-29,   -98.135,   104.508,    -7.114, 54037.0000
2006-10-30,   -97.973,   103.641,    -3.468, 54038.0000
2006-10-31,   -98.355,   104.013,    -9.298, 54039.0000
2006-11-01,   -97.798,   104.227,    -8.450, 54040.0000
2006-11-02,   -97.752,   104.032,    -6.975, 54041.0000
2006-11-03,   -97.836,   104.023,    -8.050, 54042.0000
2006-11-04,   -97.280,   104.320,    -4.335, 54043.0000
2006-11-05,   -98.118,   104.825,    -7.754, 54044.0000
2006-11-06,   -97.889,   105.201,    -7.999, 54045.0000
2006-11-07,   -96.572,   105.208,    -7.932, 54046.0000
2006-11-08,   -98.933,   105.116,    -8.189, 54047.0000
2006-11-09,   -99.111,   104.192,     0.102, 54048.0000
2006-11-10,   -98.168,   104.718,    -2.126, 54049.0000
2006-11-11,   -99.811,   104.263,    -3.228, 54050.0000
2006-11-12,   -98.057,   105.110,    -3.118, 54051.0000
2006-11-13,   -99.466,   105.963,    -6.106, 54052.0000
2006-11-14,   -98.059,   104.902,    -9.793, 54053.0000
2006-11-15,   -98.261,   106.068,    -4.655, 54054.0000
2006-11-16,   -98.974,   105.601,    -1.830, 54055.0000
2006-11-17,   -98.760,   105.771,    -3.290, 54056.0000
2006-11-18,   -97.175,   104.986,    -2.899, 54057.0000
2006-11-19,   -99.089,   105.335,    -4.945, 54058.0000
2006-11-20,   -98.059,   105.047,    -7.940, 54059.0000
2006-11-21,   -96.662,   105.428,    -4.372, 54060.0000
2006-11-22,   -98.767,   105.236,    -5.937, 54061.0000
2006-11-23,   -99.458,   105.621,    -2.195, 54062.0000
2006-11-24,   -98.301,   105.797,    -4.289, 54063.0000
2006-11-25,   -98.587,   106.126,    -3.735, 54064.0000
2006-11-26,   -97.722,   105.458,    -0.629, 54065.0000
2006-11-27,   -97.349,   105.442,    -3.421, 54066.0000
2006-11-28,   -98.608,   104.900,    -7.240, 54067.0000
2006-11-29,   -98.986,   105.112,    -2.426, 54068.0000
2006-11-30,   -99.661,   105.914,    -7.147, 54069.0000
2006-12-01,   -99.520,   105.235,    -5.097, 54070.0000
2006-12-02,   -97.640,   107.082,    -4.031, 54071.0000
2006-12-03,   -99.614,   106.168,    -3.915, 54072.0000
2006-12-04,   -99.585,   107.252,    -5.660, 54073.0000
2006-12-05,   -98.501,   107.535,    -5.263, 54074.0000
2006-12-06,  -100.018,   106.892,    -2.266, 54075.0000
2006-12-07,   -99.563,   105.568,    -7.207, 54076.0000
2006-12-08,   -99.393,   107.546,    -9.054, 54077.0000
2006-12-10,  -100.608,   107.605,    -2.647, 54079.0000
2006-12-11,   -99.459,   108.566,    -3.923, 54080.0000
2006-12-12,   -98.396,   105.413,    -7.135, 54081.0000
2006-12-13,  -100.809,   108.576,    -5.402, 54082.0000
2006-12-14,   -99.689,   106.494,    -5.308, 54083.0000
2006-12-15,   -98.985,   108.628,    -5.505, 54084.0000
2006-12-16,   -99.438,   106.651,   -10.220, 54085.0000
2006-12-17,   -98.891,   106.419,    -8.143, 54086.0000
2006-12-18,   -99.259,   106.069,    -8.437, 54087.0000
2006-12-19,  -100.528,   106.795,    -0.631, 54088.0000
2006-12-20,   -99.060,   107.143,    -2.287, 54089.0000
2006-12-27,   -99.763,   107.965,    -2.097, 54096.0000
2006-12-28,  -101.935,   108.326,    -5.107, 54097.0000
2006-12-29,  -100.712,   108.835,    -4.077, 54098.0000
2006-12-30,  -100.153,   107.340,    -1.186, 54099.0000
2006-12-31,  -101.374,   108.961,    -6.780, 54100.0000
2007-01-01,  -101.755,   108.413,    -4.594, 54101.0000
2007-01-03,  -101.517,   108.968,    -9.936, 54103.0000
2007-01-04,  -101.421,   107.865,    -6.817, 54104.0000
2007-01-05,  -101.362,   108.180,    -8.551, 54105.0000
2007-01-06,  -100.718,   108.537,    -5.604, 54106.0000
2007-01-07,  -101.171,   109.362,    -6.675, 54107.0000
2007-01-08,  -103.058,   108.876,    -4.916, 54108.0000
2007-01-09,  -102.912,   107.966,    -3.723, 54109.0000
2007-01-10,  -101.381,   108.885,    -2.224, 54110.0000
2007-01-11,  -101.917,   108.415,    -4.603, 54111.0000
2007-01-12,  -102.229,   108.677,    -5.542, 54112.0000
2007-01-13,  -101.766,   107.222,    -3.251, 54113.0000
2007-01-14,  -101.485,   109.123,    -6.914, 54114.0000
2007-01-15,  -102.288,   109.321,    -4.949, 54115.0000
2007-01-16,  -101.859,   108.494,    -5.083, 54116.0000
2007-01-17,  -100.444,   110.598,    -8.440, 54117.0000
2007-01-18,  -102.436,   109.089,    -4.614, 54118.0000
2007-01-19,  -102.490,   110.356,    -4.487, 54119.0000
2007-01-20,  -101.756,   108.835,    -7.911, 54120.0000
2007-01-21,  -103.091,   110.582,    -8.927, 54121.0000
2007-01-22,  -101.589,   111.386,    -8.878, 54122.0000
2007-01-23,  -102.935,   109.584,    -3.835, 54123.0000
2007-01-24,  -102.847,   109.817,    -0.485, 54124.0000
2007-01-25,  -101.969,   108.529,   -10.536, 54125.0000
2007-01-26,  -103.741,   109.094,   -11.975, 54126.0000
2007-01-27,  -103.205,   111.190,    -6.890, 54127.0000
2007-01-28,  -102.024,   109.210,    -3.139, 54128.0000
2007-01-29,  -103.250,   109.759,    -6.228, 54129.0000
2007-01-30,  -102.806,   108.551,    -6.710, 54130.0000
2007-01-31,  -102.167,   110.705,    -8.596, 54131.0000
2007-02-01,  -102.460,   109.607,    -7.306, 54132.0000
2007-02-02,  -102.521,   110.748,    -8.565, 54133.0000
2007-02-03,  -103.303,   111.021,    -3.868, 54134.0000
2007-02-04,  -104.165,   112.365,     0.005, 54135.0000
2007-02-05,  -103.111,   110.896,    -4.299, 54136.0000
2007-02-06,  -103.711,   110.251,    -0.284, 54137.0000
2007-02-07,  -103.568,   109.995,    -3.261, 54138.0000
2007-02-08,  -105.283,   110.864,    -7.792, 54139.0000
2007-02-09,  -103.258,   110.476,    -5.153, 54140.0000
2007-02-10,  -103.264,   111.094,    -6.467, 54141.0000
2007-02-11,  -104.677,   111.282,    -9.341, 54142.0000
2007-02-12,  -103.889,   111.106,    -6.170, 54143.0000
2007-02-13,  -103.344,   110.569,    -2.446, 54144.0000
2007-02-14,  -102.977,   111.725,    -6.308, 54145.0000
2007-02-15,  -105.448,   112.234,    -6.381, 54146.0000
2007-02-16,  -104.461,   110.276,    -9.838, 54147.0000
2007-02-18,  -104.979,   111.016,    -5.805, 54149.0000
2007-02-20,  -103.049,   111.209,    -9.333, 54151.0000
2007-02-21,  -104.341,   111.665,   -12.394, 54152.0000
2007-02-22,  -105.415,   113.143,   -11.780, 54153.0000
2007-02-23,  -105.384,   111.495,    -2.043, 54154.0000
2007-02-24,  -105.198,   111.966,    -6.270, 54155.0000
2007-02-25,  -104.244,   111.277,    -6.166, 54156.0000
2007-02-26,  -105.372,   111.435,    -6.459, 54157.0000
2007-02-27,  -105.725,   110.777,    -4.915, 54158.0000
2007-02-28,  -104.871,   111.193,    -6.070, 54159.0000
2007-03-04,  -105.730,   112.578,    -6.737, 54163.0000
2007-03-07,  -104.972,   113.346,    -7.471, 54166.0000
2007-03-09,  -105.392,   112.938,    -9.405, 54168.0000
2007-03-12,  -104.964,   111.332,    -9.669, 54171.0000
2007-03-13,  -105.142,   111.774,    -4.816, 54172.0000
2007-03-14,  -105.239,   111.947,    -6.272, 54173.0000
2007-03-16,  -105.396,   112.032,    -3.596, 54175.0000
2007-03-17,  -105.424,   114.042,    -6.524, 54176.0000
2007-03-18,  -106.232,   113.324,   -10.767, 54177.0000
2007-03-19,  -104.377,   112.970,    -6.029, 54178.0000
2007-03-20,  -105.461,   112.012,    -5.337, 54179.0000
2007-03-21,  -105.937,   113.893,    -8.855, 54180.0000
2007-03-22,  -105.924,   112.878,    -7.586, 54181.0000
2007-03-23,  -105.537,   113.367,    -6.909, 54182.0000
2007-03-24,  -105.574,   113.273,    -9.694, 54183.0000
2007-03-25,  -106.024,   114.045,    -9.094, 54184.0000
2007-03-26,  -107.197,   112.664,    -7.848, 54185.0000
2007-03-27,  -107.262,   114.518,    -8.147, 54186.0000
2007-03-28,  -105.455,   114.038,    -6.480, 54187.0000
2007-03-29,  -107.891,   113.869,    -7.953, 54188.0000
2007-03-30,  -105.596,   113.862,    -4.358, 54189.0000
2007-03-31,  -105.405,   115.263,    -8.928, 54190.0000
2007-04-01,  -108.011,   113.707,   -10.283, 54191.0000
2007-04-02,  -106.744,   115.291,    -3.013, 54192.0000
2007-04-03,  -107.829,   113.283,    -2.068, 54193.0000
2007-04-04,  -106.943,   113.899,    -5.009, 54194.0000
2007-04-05,  -107.937,   112.997,    -7.698, 54195.0000
2007-04-06,  -107.481,   114.737,    -7.830, 54196.0000
2007-04-07,  -107.422,   113.016,    -9.310, 54197.0000
2007-04-08,  -107.986,   113.165,    -9.276, 54198.0000
2007-04-09,  -108.226,   114.525,    -4.434, 54199.0000
2007-04-10,  -109.002,   114.905,    -7.590, 54200.0000
2007-04-11,  -106.940,   114.212,   -11.668, 54201.0000
2007-04-12,  -108.407,   112.436,    -6.566, 54202.0000
2007-04-13,  -109.352,   113.792,    -9.967, 54203.0000
2007-04-14,  -108.387,   114.489,    -5.260, 54204.0000
2007-04-15,  -109.268,   114.436,    -7.521, 54205.0000
2007-04-16,  -108.232,   113.708,    -7.459, 54206.0000
2007-04-17,  -107.785,   114.012,    -3.384, 54207.0000
2007-04-18,  -107.727,   114.660,    -3.037, 54208.0000
2007-04-19,  -108.819,   114.893,    -9.591, 54209.0000
2007-04-20,  -109.509,   113.830,   -10.204, 54210.0000
2007-04-21,  -108.549,   114.995,    -5.565, 54211.0000
2007-04-22,  -106.841,   113.684,    -4.792, 54212.0000
2007-04-23,  -107.858,   115.665,    -9.594, 54213.0000
2007-04-24,  -107.996,   113.629,    -5.185, 54214.0000
2007-04-25,  -108.099,   114.995,    -5.532, 54215.0000
2007-04-26,  -109.438,   113.783,    -5.032, 54216.0000
2007-04-27,  -109.460,   113.322,    -9.300, 54217.0000
2007-04-28,  -108.718,   114.250,    -2.499, 54218.0000
2007-04-29,  -108.764,   114.006,    -9.227, 54219.0000
2007-04-30,  -107.788,   113.825,    -7.653, 54220.0000
2007-05-01,  -108.717,   114.041,    -8.164, 54221.0000
2007-05-02,  -108.717,   114.494,    -5.921, 54222.0000
2007-05-03,  -109.043,   114.786,    -5.277, 54223.0000
2007-05-04,  -108.224,   114.128,    -4.727, 54224.0000
2007-05-05,  -110.109,   115.453,    -5.339, 54225.0000
2007-05-06,  -109.125,   114.890,    -5.379, 54226.0000
2007-05-07,  -109.889,   114.647,    -3.962, 54227.0000
2007-05-08,  -109.141,   114.849,    -7.865, 54228.0000
2007-05-09,  -109.639,   115.785,    -5.452, 54229.0000
2007-05-10,  -109.956,   115.513,    -2.672, 54230.0000
2007-05-11,  -110.094,   115.538,    -7.014, 54231.0000
2007-05-12,  -108.116,   116.307,    -9.515, 54232.0000
2007-05-13,  -108.799,   115.839,    -3.742, 54233.0000
2007-05-14,  -108.001,   114.700,    -4.145, 54234.0000
2007-05-15,  -108.492,   115.817,    -4.115, 54235.0000
2007-05-16,  -109.071,   117.404,    -5.908, 54236.0000
2007-05-17,  -109.684,   115.980,     2.949, 54237.0000
2007-05-18,  -109.678,   115.872,    -1.959, 54238.0000
2007-05-19,  -108.845,   115.824,    -2.487, 54239.0000
2007-05-20,  -108.559,   115.587,    -5.642, 54240.0000
2007-05-21,  -108.177,   116.525,    -8.143, 54241.0000
2007-05-22,  -110.037,   115.510,    -5.039, 54242.0000
2007-05-23,  -111.081,   117.190,    -6.035, 54243.0000
2007-05-24,  -109.828,   116.826,    -0.605, 54244.0000
2007-05-25,  -109.647,   117.056,    -6.309, 54245.0000
2007-05-26,  -110.378,   117.460,    -3.373, 54246.0000
2007-05-27,  -109.316,   116.092,    -6.002, 54247.0000
2007-05-28,  -108.101,   116.236,    -7.039, 54248.0000
2007-05-29,  -110.067,   116.722,    -8.459, 54249.0000
2007-05-30,  -109.272,   116.763,   -12.219, 54250.0000
2007-05-31,  -109.563,   115.752,    -6.539, 54251.0000
2007-06-01,  -109.903,   116.186,    -6.829, 54252.0000
2007-06-02,  -109.803,   115.161,    -7.486, 54253.0000
2007-06-03,  -109.858,   116.966,    -8.330, 54254.0000
2007-06-04,  -108.383,   117.659,    -5.057, 54255.0000
2007-06-05,  -108.880,   118.268,   -11.354, 54256.0000
2007-06-06,  -109.341,   116.657,    -7.566, 54257.0000
2007-06-07,  -108.763,   118.280,    -4.449, 54258.0000
2007-06-08,  -110.194,   117.014,    -6.086, 54259.0000
2007-06-09,  -110.585,   117.570,    -5.502, 54260.0000
2007-06-10,  -109.522,   117.100,    -5.779, 54261.0000
2007-06-11,  -109.650,   116.292,    -4.493, 54262.0000
2007-06-12,  -110.421,   118.477,    -1.215, 54263.0000
2007-06-13,  -109.877,   118.409,    -5.781, 54264.0000
2007-06-14,  -111.159,   117.986,    -3.220, 54265.0000
2007-06-15,  -110.219,   117.808,    -2.081, 54266.0000
2007-06-16,  -111.047,   117.565,     3.280, 54267.0000
2007-06-17,  -110.736,   117.948,     1.332, 54268.0000
2007-06-18,  -110.169,   117.840,    -0.961, 54269.0000
2007-06-19,  -110.684,   117.047,    -2.158, 54270.0000
2007-06-20,  -110.529,   116.721,    -3.809, 54271.0000
2007-06-21,  -111.487,   117.593,     0.575, 54272.0000
2007-06-22,  -109.248,   117.485,    -3.450, 54273.0000
2007-06-23,  -110.983,   116.964,    -1.376, 54274.0000
2007-06-24,  -110.947,   118.569,    -3.739, 54275.0000
2007-06-25,  -111.163,   117.384,    -2.327, 54276.0000
2007-06-26,  -111.859,   119.330,    -6.375, 54277.0000
2007-06-27,  -111.580,   118.173,    -5.112, 54278.0000
2007-06-28,  -110.273,   117.847,    -1.774, 54279.0000
2007-06-29,  -110.861,   117.601,    -3.811, 54280.0000
2007-06-30,  -111.716,   118.888,    -6.702, 54281.0000
2007-07-01,  -111.486,   116.370,     4.366, 54282.0000
2007-07-02,  -112.096,   117.495,    -0.343, 54283.0000
2007-07-03,  -110.427,   118.726,    -3.039, 54284.0000
2007-07-04,  -111.631,   117.836,    -0.038, 54285.0000
2007-07-05,  -111.283,   118.064,    -3.994, 54286.0000
2007-07-06,  -110.995,   115.924,    -3.741, 54287.0000
2007-07-07,  -111.929,   116.240,    -5.747, 54288.0000
2007-07-08,  -111.021,   117.197,    -6.140, 54289.0000
2007-07-09,  -112.106,   118.488,    -8.467, 54290.0000
2007-07-10,  -110.557,   118.083,    -2.718, 54291.0000
2007-07-11,  -111.577,   117.769,    -7.277, 54292.0000
2007-07-12,  -111.364,   118.211,    -3.090, 54293.0000
2007-07-13,  -112.399,   118.645,    -7.204, 54294.0000
2007-07-14,  -110.504,   118.222,    -0.386, 54295.0000
2007-07-15,  -111.229,   119.710,     1.013, 54296.0000
2007-07-16,  -111.625,   118.615,    -1.683, 54297.0000
2007-07-17,  -112.814,   118.697,    -5.286, 54298.0000
2007-07-18,  -110.283,   117.723,    -3.184, 54299.0000
2007-07-19,  -110.469,   118.894,    -4.182, 54300.0000
2007-07-20,  -111.450,   117.729,     0.863, 54301.0000
2007-07-21,  -110.538,   118.257,    -1.563, 54302.0000
2007-07-22,  -111.262,   120.162,    -1.015, 54303.0000
2007-07-23,  -111.927,   118.440,    -1.782, 54304.0000
2007-07-24,  -111.628,   117.848,    -0.065, 54305.0000
2007-07-25,  -112.802,   117.501,     0.480, 54306.0000
2007-07-26,  -112.920,   118.340,    -7.213, 54307.0000
2007-07-27,  -112.313,   118.199,     3.555, 54308.0000
2007-07-28,  -111.364,   117.543,    -3.796, 54309.0000
2007-07-29,  -111.819,   118.121,     0.791, 54310.0000
2007-07-30,  -111.316,   118.265,     1.853, 54311.0000
2007-07-31,  -112.100,   118.913,     0.643, 54312.0000
2007-08-01,  -113.592,   119.192,     2.322, 54313.0000
2007-08-02,  -111.869,   119.173,    -2.389, 54314.0000
2007-08-03,  -111.964,   119.517,     0.118, 54315.0000
2007-08-04,  -112.661,   120.729,    -0.545, 54316.0000
2007-08-05,  -111.853,   119.183,     3.737, 54317.0000
2007-08-06,  -112.176,   120.136,    -4.547, 54318.0000
2007-08-07,  -111.552,   119.919,    -0.395, 54319.0000
2007-08-08,  -112.389,   119.983,     0.236, 54320.0000
2007-08-09,  -111.182,   117.076,    -0.155, 54321.0000
2007-08-10,  -112.020,   118.796,    -2.716, 54322.0000
2007-08-11,  -112.751,   120.892,    -6.421, 54323.0000
2007-08-12,  -113.456,   120.030,    -5.611, 54324.0000
2007-08-13,  -113.508,   118.896,    -0.124, 54325.0000
2007-08-14,  -113.823,   119.147,    -0.481, 54326.0000
2007-08-15,  -113.658,   118.383,    -3.002, 54327.0000
2007-08-16,  -113.723,   120.053,    -5.266, 54328.0000
2007-08-17,  -114.316,   118.863,    -7.343, 54329.0000
2007-08-18,  -114.499,   119.580,    -4.652, 54330.0000
2007-08-19,  -115.160,   120.444,    -6.576, 54331.0000
2007-08-20,  -113.944,   119.835,    -3.883, 54332.0000
2007-08-21,  -115.481,   119.967,    -6.690, 54333.0000
2007-08-22,  -115.340,   119.643,    -4.177, 54334.0000
2007-08-23,  -114.146,   120.728,    -3.227, 54335.0000
2007-08-24,  -115.052,   120.696,    -2.046, 54336.0000
2007-08-25,  -115.889,   120.749,    -3.575, 54337.0000
2007-08-26,  -114.500,   120.523,    -7.654, 54338.0000
2007-08-27,  -114.055,   120.704,    -2.679, 54339.0000
2007-08-28,  -114.182,   120.490,    -3.927, 54340.0000
2007-08-29,  -115.824,   120.126,    -6.124, 54341.0000
2007-08-30,  -113.876,   120.125,    -2.207, 54342.0000
2007-08-31,  -114.502,   120.420,    -8.375, 54343.0000
2007-09-01,  -114.778,   119.410,    -7.309, 54344.0000
2007-09-02,  -113.618,   119.784,    -4.021, 54345.0000
2007-09-03,  -115.209,   120.307,    -5.169, 54346.0000
2007-09-04,  -114.382,   120.443,    -5.959, 54347.0000
2007-09-05,  -115.049,   119.469,    -7.130, 54348.0000
2007-09-06,  -113.785,   121.208,     0.840, 54349.0000
2007-09-07,  -114.406,   120.461,    -2.215, 54350.0000
2007-09-08,  -116.298,   120.858,    -9.598, 54351.0000
2007-09-09,  -114.860,   119.928,    -5.419, 54352.0000
2007-09-10,  -116.243,   121.764,    -7.779, 54353.0000
2007-09-11,  -115.162,   121.363,    -6.820, 54354.0000
2007-09-12,  -116.301,   121.318,    -4.632, 54355.0000
2007-09-13,  -116.614,   119.938,    -2.226, 54356.0000
2007-09-14,  -115.778,   121.094,    -6.870, 54357.0000
2007-09-15,  -115.318,   119.948,    -7.326, 54358.0000
2007-09-16,  -114.690,   121.500,    -5.038, 54359.0000
2007-09-17,  -113.666,   122.544,    -1.805, 54360.0000
2007-09-18,  -113.587,   121.334,    -5.018, 54361.0000
2007-09-19,  -115.055,   120.365,    -2.386, 54362.0000
2007-09-20,  -114.196,   122.588,    -6.131, 54363.0000
2007-09-21,  -115.879,   121.771,    -5.163, 54364.0000
2007-09-22,  -114.804,   121.574,    -8.335, 54365.0000
2007-09-23,  -115.251,   120.477,    -7.760, 54366.0000
2007-09-24,  -115.583,   120.336,    -6.172, 54367.0000
2007-09-25,  -115.863,   121.800,    -4.928, 54368.0000
2007-09-26,  -115.206,   122.375,    -9.867, 54369.0000
2007-09-27,  -115.799,   121.829,    -8.496, 54370.0000
2007-09-28,  -115.122,   120.569,    -6.017, 54371.0000
2007-09-29,  -115.639,   121.650,    -6.135, 54372.0000
2007-09-30,  -116.016,   121.420,   -10.065, 54373.0000
2007-10-01,  -115.534,   122.149,    -5.505, 54374.0000
2007-10-02,  -113.281,   121.084,    -4.542, 54375.0000
2007-10-03,  -115.494,   121.885,    -6.336, 54376.0000
2007-10-04,  -115.244,   123.034,    -9.693, 54377.0000
2007-10-05,  -115.189,   123.207,    -6.123, 54378.0000
2007-10-06,  -114.243,   121.048,    -6.220, 54379.0000
2007-10-07,  -114.972,   121.993,    -5.432, 54380.0000
2007-10-08,  -116.192,   123.157,    -7.412, 54381.0000
2007-10-09,  -115.533,   121.432,    -5.798, 54382.0000
2007-10-10,  -115.640,   120.957,    -7.954, 54383.0000
2007-10-11,  -114.535,   122.613,    -3.089, 54384.0000
2007-10-12,  -115.631,   122.907,     0.401, 54385.0000
2007-10-13,  -115.483,   122.542,    -8.513, 54386.0000
2007-10-14,  -116.467,   123.381,    -4.634, 54387.0000
2007-10-15,  -115.372,   124.055,    -3.996, 54388.0000
2007-10-16,  -114.441,   123.729,    -8.014, 54389.0000
2007-10-17,  -114.564,   122.734,    -8.696, 54390.0000
2007-10-18,  -114.406,   123.037,    -7.996, 54391.0000
2007-10-19,  -115.657,   123.850,    -7.914, 54392.0000
2007-10-20,  -115.354,   123.982,    -7.616, 54393.0000
2007-10-21,  -115.951,   123.317,    -6.614, 54394.0000
2007-10-22,  -116.603,   121.880,    -6.500, 54395.0000
2007-10-23,  -114.393,   122.721,    -5.350, 54396.0000
2007-10-24,  -114.099,   123.325,    -7.398, 54397.0000
2007-10-25,  -116.651,   123.979,    -0.182, 54398.0000
2007-10-26,  -116.332,   123.786,    -8.664, 54399.0000
2007-10-27,  -113.663,   121.344,    -6.002, 54400.0000
2007-10-28,  -116.706,   123.640,    -7.938, 54401.0000
2007-10-29,  -115.749,   121.673,    -6.764, 54402.0000
2007-10-30,  -115.498,   123.786,   -11.806, 54403.0000
2007-10-31,  -115.173,   123.822,    -8.294, 54404.0000
2007-11-01,  -115.990,   123.662,    -5.547, 54405.0000
2007-11-14,  -116.094,   124.599,     0.602, 54418.0000
2007-11-15,  -115.787,   124.058,    -4.497, 54419.0000
2007-11-16,  -114.804,   124.602,    -3.452, 54420.0000
2007-11-17,  -116.746,   124.387,    -5.809, 54421.0000
2007-11-18,  -116.182,   125.290,    -2.129, 54422.0000
2007-11-19,  -118.625,   124.219,   -13.009, 54423.0000
2007-11-20,  -117.912,   124.559,    -6.062, 54424.0000
2007-11-21,  -118.025,   125.855,     0.189, 54425.0000
2007-11-22,  -116.746,   125.891,    -6.017, 54426.0000
2007-11-23,  -118.058,   126.313,    -8.356, 54427.0000
2007-11-24,  -117.497,   125.261,    -8.068, 54428.0000
2007-11-25,  -117.336,   124.700,    -5.814, 54429.0000
2007-11-26,  -117.161,   125.564,    -9.677, 54430.0000
2007-11-27,  -117.084,   125.639,    -7.990, 54431.0000
2007-11-28,  -117.422,   125.590,    -4.518, 54432.0000
2007-11-29,  -117.977,   127.116,   -12.504, 54433.0000
2007-11-30,  -117.711,   125.906,    -9.083, 54434.0000
2007-12-01,  -117.684,   125.951,    -9.833, 54435.0000
2007-12-02,  -117.967,   126.267,    -9.449, 54436.0000
2007-12-03,  -116.487,   127.754,    -5.417, 54437.0000
2007-12-04,  -117.181,   126.676,    -5.168, 54438.0000
2007-12-05,  -117.033,   125.573,    -7.485, 54439.0000
2007-12-06,  -117.978,   126.602,    -5.406, 54440.0000
2007-12-07,  -119.080,   126.621,    -4.509, 54441.0000
2007-12-08,  -117.278,   126.480,    -7.599, 54442.0000
2007-12-09,  -116.971,   125.274,    -9.013, 54443.0000
2007-12-10,  -117.163,   125.540,   -10.071, 54444.0000
2007-12-11,  -118.492,   127.069,   -13.262, 54445.0000
2007-12-12,  -117.833,   127.282,   -15.947, 54446.0000
2008-01-30,  -119.862,   129.679,    -7.584, 54495.0000
2008-01-31,  -120.277,   130.841,    -6.053, 54496.0000
2008-02-01,  -121.279,   129.419,    -6.282, 54497.0000
2008-02-02,  -120.696,   130.327,    -1.835, 54498.0000
2008-02-28,  -121.570,   131.217,    -7.159, 54524.0000
2008-02-29,  -122.457,   130.925,    -4.389, 54525.0000
2008-03-01,  -123.335,   132.546,    -4.710, 54526.0000
2008-03-26,  -125.502,   131.614,   -10.288, 54551.0000
2008-03-27,  -124.280,   133.726,    -6.998, 54552.0000
2008-03-28,  -125.161,   132.049,    -6.334, 54553.0000
2008-04-24,  -126.118,   134.353,    -6.509, 54580.0000
2008-04-25,  -125.709,   135.307,    -2.528, 54581.0000
2008-04-26,  -123.797,   134.962,    -7.300, 54582.0000
2008-05-28,  -127.447,   136.493,    -3.697, 54614.0000
2008-05-29,  -125.469,   136.360,    -2.883, 54615.0000
2008-05-30,  -127.394,   137.229,    -4.930, 54616.0000
2008-06-26,  -127.803,   136.431,     1.044, 54643.0000
2008-06-27,  -126.247,   137.184,     0.740, 54644.0000
2008-07-24,  -129.372,   136.444,    -0.710, 54671.0000
2008-07-25,  -130.168,   138.709,     0.203, 54672.0000
2008-08-21,  -132.485,   138.539,    -0.553, 54699.0000
2008-08-22,  -130.950,   137.675,    -5.891, 54700.0000
2008-08-23,  -131.330,   138.238,     0.866, 54701.0000
2008-09-25,  -133.483,   141.176,    -3.697, 54734.0000
2008-09-26,  -132.715,   141.141,    -1.727, 54735.0000
2008-10-23,  -135.425,   143.321,    -3.098, 54762.0000
2008-10-24,  -134.343,   143.409,    -6.750, 54763.0000
2008-10-25,  -134.400,   143.363,    -2.509, 54764.0000
2008-11-24,  -134.632,   143.728,    -2.448, 54794.0000
2008-11-25,  -134.948,   144.095,    -2.072, 54795.0000
2008-11-26,  -134.869,   144.660,    -8.054, 54796.0000
2008-12-22,  -137.038,   147.605,    -1.490, 54822.0000
2008-12-23,  -136.532,   146.180,    -7.411, 54823.0000
2008-12-24,  -136.257,   146.355,    -7.057, 54824.0000
2009-03-10,  -141.261,   150.674,    -5.235, 54900.0000
2009-03-11,  -141.838,   150.974,    -4.704, 54901.0000
2009-03-12,  -141.532,   151.664,    -3.027, 54902.0000
2009-04-15,  -144.886,   152.112,    -8.995, 54936.0000
2009-04-16,  -144.916,   152.527,    -2.604, 54937.0000
2009-05-20,  -145.070,   154.849,    -6.954, 54971.0000
2009-05-21,  -146.318,   153.898,    -0.541, 54972.0000
2009-05-22,  -144.292,   155.266,    -4.255, 54973.0000
2009-06-27,  -146.342,   156.678,    -3.116, 55009.0000
2009-06-28,  -145.693,   156.134,    -3.222, 55010.0000
2009-06-29,  -147.313,   157.164,    -2.024, 55011.0000
2009-06-30,  -147.461,   156.823,     1.318, 55012.0000
2009-07-30,  -147.461,   157.638,     2.482, 55042.0000
2009-07-31,  -150.318,   159.041,     0.657, 55043.0000
2009-08-01,  -148.726,   157.420,    -3.716, 55044.0000
2009-10-05,  -151.848,   160.082,    -0.981, 55109.0000
2009-10-06,  -152.029,   159.994,    -3.525, 55110.0000
2009-10-07,  -151.553,   160.690,    -1.219, 55111.0000
2009-11-16,  -154.115,   163.477,    -5.991, 55151.0000
2009-11-17,  -154.760,   163.474,    -2.585, 55152.0000
2009-11-18,  -155.006,   163.946,    -6.524, 55153.0000
2009-12-17,  -156.113,   165.968,   -10.104, 55182.0000
2009-12-18,  -155.490,   166.314,    -4.924, 55183.0000
2009-12-19,  -155.464,   166.597,    -7.451, 55184.0000
2010-01-01,  -157.701,   165.514,    -6.904, 55197.0000
